exp_idx,item_number,condition,sentence,distance,subject,subject_marker,verb_phrase,target_phrase,match,grammatical
1,1,honorableS-honorificV,어제 저녁에 혼자서 선생님이 책을 읽으셨다.,close,선생님이,이,책을 읽으셨다,읽으셨다,True,
1,1,honorableS-plainV,어제 저녁에 혼자서 선생님이 책을 읽었다.,close,선생님이,이,책을 읽었다,읽었다,False,
1,2,honorableS-honorificV,어제 저녁에 혼자서 선생님이 파스타를 드셨다.,close,선생님이,이,파스타를 드셨다,드셨다,True,
1,2,honorableS-plainV,어제 저녁에 혼자서 선생님이 파스타를 먹었다.,close,선생님이,이,파스타를 먹었다,먹었다,False,
1,3,honorableS-honorificV,어제 저녁에 혼자서 선생님이 호통을 치셨다.,close,선생님이,이,호통을 치셨다,치셨다,True,
1,3,honorableS-plainV,어제 저녁에 혼자서 선생님이 호통을 쳤다.,close,선생님이,이,호통을 쳤다,쳤다,False,
1,4,honorableS-honorificV,어제 저녁에 혼자서 선생님이 핸드폰을 사셨다.,close,선생님이,이,핸드폰을 사셨다,사셨다,True,
1,4,honorableS-plainV,어제 저녁에 혼자서 선생님이 핸드폰을 샀다.,close,선생님이,이,핸드폰을 샀다,샀다,False,
1,5,honorableS-honorificV,어제 저녁에 혼자서 선생님이 편지를 쓰셨다.,close,선생님이,이,편지를 쓰셨다,쓰셨다,True,
1,5,honorableS-plainV,어제 저녁에 혼자서 선생님이 편지를 썼다.,close,선생님이,이,편지를 썼다,썼다,False,
1,6,honorableS-honorificV,어제 저녁에 혼자서 선생님이 노래를 부르셨다.,close,선생님이,이,노래를 부르셨다,부르셨다,True,
1,6,honorableS-plainV,어제 저녁에 혼자서 선생님이 노래를 불렀다.,close,선생님이,이,노래를 불렀다,불렀다,False,
1,7,honorableS-honorificV,어제 저녁에 혼자서 선생님이 티비를 보셨다.,close,선생님이,이,티비를 보셨다,보셨다,True,
1,7,honorableS-plainV,어제 저녁에 혼자서 선생님이 티비를 봤다.,close,선생님이,이,티비를 봤다,봤다,False,
1,8,honorableS-honorificV,어제 저녁에 혼자서 선생님이 산책을 하셨다.,close,선생님이,이,산책을 하셨다,하셨다,True,
1,8,honorableS-plainV,어제 저녁에 혼자서 선생님이 산책을 했다.,close,선생님이,이,산책을 했다,했다,False,
1,9,honorableS-honorificV,어제 저녁에 혼자서 선생님이 정원을 가꾸셨다.,close,선생님이,이,정원을 가꾸셨다,가꾸셨다,True,
1,9,honorableS-plainV,어제 저녁에 혼자서 선생님이 정원을 가꿨다.,close,선생님이,이,정원을 가꿨다,가꿨다,False,
1,10,honorableS-honorificV,어제 저녁에 혼자서 선생님이 빨래를 널으셨다.,close,선생님이,이,빨래를 널으셨다,널으셨다,True,
1,10,honorableS-plainV,어제 저녁에 혼자서 선생님이 빨래를 널었다.,close,선생님이,이,빨래를 널었다,널었다,False,
1,11,honorableS-honorificV,어제 저녁에 혼자서 교수님이 책을 읽으셨다.,close,교수님이,이,책을 읽으셨다,읽으셨다,True,
1,11,honorableS-plainV,어제 저녁에 혼자서 교수님이 책을 읽었다.,close,교수님이,이,책을 읽었다,읽었다,False,
1,12,honorableS-honorificV,어제 저녁에 혼자서 교수님이 파스타를 드셨다.,close,교수님이,이,파스타를 드셨다,드셨다,True,
1,12,honorableS-plainV,어제 저녁에 혼자서 교수님이 파스타를 먹었다.,close,교수님이,이,파스타를 먹었다,먹었다,False,
1,13,honorableS-honorificV,어제 저녁에 혼자서 교수님이 호통을 치셨다.,close,교수님이,이,호통을 치셨다,치셨다,True,
1,13,honorableS-plainV,어제 저녁에 혼자서 교수님이 호통을 쳤다.,close,교수님이,이,호통을 쳤다,쳤다,False,
1,14,honorableS-honorificV,어제 저녁에 혼자서 교수님이 핸드폰을 사셨다.,close,교수님이,이,핸드폰을 사셨다,사셨다,True,
1,14,honorableS-plainV,어제 저녁에 혼자서 교수님이 핸드폰을 샀다.,close,교수님이,이,핸드폰을 샀다,샀다,False,
1,15,honorableS-honorificV,어제 저녁에 혼자서 교수님이 편지를 쓰셨다.,close,교수님이,이,편지를 쓰셨다,쓰셨다,True,
1,15,honorableS-plainV,어제 저녁에 혼자서 교수님이 편지를 썼다.,close,교수님이,이,편지를 썼다,썼다,False,
1,16,honorableS-honorificV,어제 저녁에 혼자서 교수님이 노래를 부르셨다.,close,교수님이,이,노래를 부르셨다,부르셨다,True,
1,16,honorableS-plainV,어제 저녁에 혼자서 교수님이 노래를 불렀다.,close,교수님이,이,노래를 불렀다,불렀다,False,
1,17,honorableS-honorificV,어제 저녁에 혼자서 교수님이 티비를 보셨다.,close,교수님이,이,티비를 보셨다,보셨다,True,
1,17,honorableS-plainV,어제 저녁에 혼자서 교수님이 티비를 봤다.,close,교수님이,이,티비를 봤다,봤다,False,
1,18,honorableS-honorificV,어제 저녁에 혼자서 교수님이 산책을 하셨다.,close,교수님이,이,산책을 하셨다,하셨다,True,
1,18,honorableS-plainV,어제 저녁에 혼자서 교수님이 산책을 했다.,close,교수님이,이,산책을 했다,했다,False,
1,19,honorableS-honorificV,어제 저녁에 혼자서 교수님이 정원을 가꾸셨다.,close,교수님이,이,정원을 가꾸셨다,가꾸셨다,True,
1,19,honorableS-plainV,어제 저녁에 혼자서 교수님이 정원을 가꿨다.,close,교수님이,이,정원을 가꿨다,가꿨다,False,
1,20,honorableS-honorificV,어제 저녁에 혼자서 교수님이 빨래를 널으셨다.,close,교수님이,이,빨래를 널으셨다,널으셨다,True,
1,20,honorableS-plainV,어제 저녁에 혼자서 교수님이 빨래를 널었다.,close,교수님이,이,빨래를 널었다,널었다,False,
1,21,honorableS-honorificV,어제 저녁에 혼자서 어머니가 책을 읽으셨다.,close,어머니가,가,책을 읽으셨다,읽으셨다,True,
1,21,honorableS-plainV,어제 저녁에 혼자서 어머니가 책을 읽었다.,close,어머니가,가,책을 읽었다,읽었다,False,
1,22,honorableS-honorificV,어제 저녁에 혼자서 어머니가 파스타를 드셨다.,close,어머니가,가,파스타를 드셨다,드셨다,True,
1,22,honorableS-plainV,어제 저녁에 혼자서 어머니가 파스타를 먹었다.,close,어머니가,가,파스타를 먹었다,먹었다,False,
1,23,honorableS-honorificV,어제 저녁에 혼자서 어머니가 호통을 치셨다.,close,어머니가,가,호통을 치셨다,치셨다,True,
1,23,honorableS-plainV,어제 저녁에 혼자서 어머니가 호통을 쳤다.,close,어머니가,가,호통을 쳤다,쳤다,False,
1,24,honorableS-honorificV,어제 저녁에 혼자서 어머니가 핸드폰을 사셨다.,close,어머니가,가,핸드폰을 사셨다,사셨다,True,
1,24,honorableS-plainV,어제 저녁에 혼자서 어머니가 핸드폰을 샀다.,close,어머니가,가,핸드폰을 샀다,샀다,False,
1,25,honorableS-honorificV,어제 저녁에 혼자서 어머니가 편지를 쓰셨다.,close,어머니가,가,편지를 쓰셨다,쓰셨다,True,
1,25,honorableS-plainV,어제 저녁에 혼자서 어머니가 편지를 썼다.,close,어머니가,가,편지를 썼다,썼다,False,
1,26,honorableS-honorificV,어제 저녁에 혼자서 어머니가 노래를 부르셨다.,close,어머니가,가,노래를 부르셨다,부르셨다,True,
1,26,honorableS-plainV,어제 저녁에 혼자서 어머니가 노래를 불렀다.,close,어머니가,가,노래를 불렀다,불렀다,False,
1,27,honorableS-honorificV,어제 저녁에 혼자서 어머니가 티비를 보셨다.,close,어머니가,가,티비를 보셨다,보셨다,True,
1,27,honorableS-plainV,어제 저녁에 혼자서 어머니가 티비를 봤다.,close,어머니가,가,티비를 봤다,봤다,False,
1,28,honorableS-honorificV,어제 저녁에 혼자서 어머니가 산책을 하셨다.,close,어머니가,가,산책을 하셨다,하셨다,True,
1,28,honorableS-plainV,어제 저녁에 혼자서 어머니가 산책을 했다.,close,어머니가,가,산책을 했다,했다,False,
1,29,honorableS-honorificV,어제 저녁에 혼자서 어머니가 정원을 가꾸셨다.,close,어머니가,가,정원을 가꾸셨다,가꾸셨다,True,
1,29,honorableS-plainV,어제 저녁에 혼자서 어머니가 정원을 가꿨다.,close,어머니가,가,정원을 가꿨다,가꿨다,False,
1,30,honorableS-honorificV,어제 저녁에 혼자서 어머니가 빨래를 널으셨다.,close,어머니가,가,빨래를 널으셨다,널으셨다,True,
1,30,honorableS-plainV,어제 저녁에 혼자서 어머니가 빨래를 널었다.,close,어머니가,가,빨래를 널었다,널었다,False,
1,31,honorableS-honorificV,어제 저녁에 혼자서 아버지가 책을 읽으셨다.,close,아버지가,가,책을 읽으셨다,읽으셨다,True,
1,31,honorableS-plainV,어제 저녁에 혼자서 아버지가 책을 읽었다.,close,아버지가,가,책을 읽었다,읽었다,False,
1,32,honorableS-honorificV,어제 저녁에 혼자서 아버지가 파스타를 드셨다.,close,아버지가,가,파스타를 드셨다,드셨다,True,
1,32,honorableS-plainV,어제 저녁에 혼자서 아버지가 파스타를 먹었다.,close,아버지가,가,파스타를 먹었다,먹었다,False,
1,33,honorableS-honorificV,어제 저녁에 혼자서 아버지가 호통을 치셨다.,close,아버지가,가,호통을 치셨다,치셨다,True,
1,33,honorableS-plainV,어제 저녁에 혼자서 아버지가 호통을 쳤다.,close,아버지가,가,호통을 쳤다,쳤다,False,
1,34,honorableS-honorificV,어제 저녁에 혼자서 아버지가 핸드폰을 사셨다.,close,아버지가,가,핸드폰을 사셨다,사셨다,True,
1,34,honorableS-plainV,어제 저녁에 혼자서 아버지가 핸드폰을 샀다.,close,아버지가,가,핸드폰을 샀다,샀다,False,
1,35,honorableS-honorificV,어제 저녁에 혼자서 아버지가 편지를 쓰셨다.,close,아버지가,가,편지를 쓰셨다,쓰셨다,True,
1,35,honorableS-plainV,어제 저녁에 혼자서 아버지가 편지를 썼다.,close,아버지가,가,편지를 썼다,썼다,False,
1,36,honorableS-honorificV,어제 저녁에 혼자서 아버지가 노래를 부르셨다.,close,아버지가,가,노래를 부르셨다,부르셨다,True,
1,36,honorableS-plainV,어제 저녁에 혼자서 아버지가 노래를 불렀다.,close,아버지가,가,노래를 불렀다,불렀다,False,
1,37,honorableS-honorificV,어제 저녁에 혼자서 아버지가 티비를 보셨다.,close,아버지가,가,티비를 보셨다,보셨다,True,
1,37,honorableS-plainV,어제 저녁에 혼자서 아버지가 티비를 봤다.,close,아버지가,가,티비를 봤다,봤다,False,
1,38,honorableS-honorificV,어제 저녁에 혼자서 아버지가 산책을 하셨다.,close,아버지가,가,산책을 하셨다,하셨다,True,
1,38,honorableS-plainV,어제 저녁에 혼자서 아버지가 산책을 했다.,close,아버지가,가,산책을 했다,했다,False,
1,39,honorableS-honorificV,어제 저녁에 혼자서 아버지가 정원을 가꾸셨다.,close,아버지가,가,정원을 가꾸셨다,가꾸셨다,True,
1,39,honorableS-plainV,어제 저녁에 혼자서 아버지가 정원을 가꿨다.,close,아버지가,가,정원을 가꿨다,가꿨다,False,
1,40,honorableS-honorificV,어제 저녁에 혼자서 아버지가 빨래를 널으셨다.,close,아버지가,가,빨래를 널으셨다,널으셨다,True,
1,40,honorableS-plainV,어제 저녁에 혼자서 아버지가 빨래를 널었다.,close,아버지가,가,빨래를 널었다,널었다,False,
1,41,honorableS-honorificV,어제 저녁에 혼자서 할머니가 책을 읽으셨다.,close,할머니가,가,책을 읽으셨다,읽으셨다,True,
1,41,honorableS-plainV,어제 저녁에 혼자서 할머니가 책을 읽었다.,close,할머니가,가,책을 읽었다,읽었다,False,
1,42,honorableS-honorificV,어제 저녁에 혼자서 할머니가 파스타를 드셨다.,close,할머니가,가,파스타를 드셨다,드셨다,True,
1,42,honorableS-plainV,어제 저녁에 혼자서 할머니가 파스타를 먹었다.,close,할머니가,가,파스타를 먹었다,먹었다,False,
1,43,honorableS-honorificV,어제 저녁에 혼자서 할머니가 호통을 치셨다.,close,할머니가,가,호통을 치셨다,치셨다,True,
1,43,honorableS-plainV,어제 저녁에 혼자서 할머니가 호통을 쳤다.,close,할머니가,가,호통을 쳤다,쳤다,False,
1,44,honorableS-honorificV,어제 저녁에 혼자서 할머니가 핸드폰을 사셨다.,close,할머니가,가,핸드폰을 사셨다,사셨다,True,
1,44,honorableS-plainV,어제 저녁에 혼자서 할머니가 핸드폰을 샀다.,close,할머니가,가,핸드폰을 샀다,샀다,False,
1,45,honorableS-honorificV,어제 저녁에 혼자서 할머니가 편지를 쓰셨다.,close,할머니가,가,편지를 쓰셨다,쓰셨다,True,
1,45,honorableS-plainV,어제 저녁에 혼자서 할머니가 편지를 썼다.,close,할머니가,가,편지를 썼다,썼다,False,
1,46,honorableS-honorificV,어제 저녁에 혼자서 할머니가 노래를 부르셨다.,close,할머니가,가,노래를 부르셨다,부르셨다,True,
1,46,honorableS-plainV,어제 저녁에 혼자서 할머니가 노래를 불렀다.,close,할머니가,가,노래를 불렀다,불렀다,False,
1,47,honorableS-honorificV,어제 저녁에 혼자서 할머니가 티비를 보셨다.,close,할머니가,가,티비를 보셨다,보셨다,True,
1,47,honorableS-plainV,어제 저녁에 혼자서 할머니가 티비를 봤다.,close,할머니가,가,티비를 봤다,봤다,False,
1,48,honorableS-honorificV,어제 저녁에 혼자서 할머니가 산책을 하셨다.,close,할머니가,가,산책을 하셨다,하셨다,True,
1,48,honorableS-plainV,어제 저녁에 혼자서 할머니가 산책을 했다.,close,할머니가,가,산책을 했다,했다,False,
1,49,honorableS-honorificV,어제 저녁에 혼자서 할머니가 정원을 가꾸셨다.,close,할머니가,가,정원을 가꾸셨다,가꾸셨다,True,
1,49,honorableS-plainV,어제 저녁에 혼자서 할머니가 정원을 가꿨다.,close,할머니가,가,정원을 가꿨다,가꿨다,False,
1,50,honorableS-honorificV,어제 저녁에 혼자서 할머니가 빨래를 널으셨다.,close,할머니가,가,빨래를 널으셨다,널으셨다,True,
1,50,honorableS-plainV,어제 저녁에 혼자서 할머니가 빨래를 널었다.,close,할머니가,가,빨래를 널었다,널었다,False,
1,51,honorableS-honorificV,어제 저녁에 혼자서 할아버지가 책을 읽으셨다.,close,할아버지가,가,책을 읽으셨다,읽으셨다,True,
1,51,honorableS-plainV,어제 저녁에 혼자서 할아버지가 책을 읽었다.,close,할아버지가,가,책을 읽었다,읽었다,False,
1,52,honorableS-honorificV,어제 저녁에 혼자서 할아버지가 파스타를 드셨다.,close,할아버지가,가,파스타를 드셨다,드셨다,True,
1,52,honorableS-plainV,어제 저녁에 혼자서 할아버지가 파스타를 먹었다.,close,할아버지가,가,파스타를 먹었다,먹었다,False,
1,53,honorableS-honorificV,어제 저녁에 혼자서 할아버지가 호통을 치셨다.,close,할아버지가,가,호통을 치셨다,치셨다,True,
1,53,honorableS-plainV,어제 저녁에 혼자서 할아버지가 호통을 쳤다.,close,할아버지가,가,호통을 쳤다,쳤다,False,
1,54,honorableS-honorificV,어제 저녁에 혼자서 할아버지가 핸드폰을 사셨다.,close,할아버지가,가,핸드폰을 사셨다,사셨다,True,
1,54,honorableS-plainV,어제 저녁에 혼자서 할아버지가 핸드폰을 샀다.,close,할아버지가,가,핸드폰을 샀다,샀다,False,
1,55,honorableS-honorificV,어제 저녁에 혼자서 할아버지가 편지를 쓰셨다.,close,할아버지가,가,편지를 쓰셨다,쓰셨다,True,
1,55,honorableS-plainV,어제 저녁에 혼자서 할아버지가 편지를 썼다.,close,할아버지가,가,편지를 썼다,썼다,False,
1,56,honorableS-honorificV,어제 저녁에 혼자서 할아버지가 노래를 부르셨다.,close,할아버지가,가,노래를 부르셨다,부르셨다,True,
1,56,honorableS-plainV,어제 저녁에 혼자서 할아버지가 노래를 불렀다.,close,할아버지가,가,노래를 불렀다,불렀다,False,
1,57,honorableS-honorificV,어제 저녁에 혼자서 할아버지가 티비를 보셨다.,close,할아버지가,가,티비를 보셨다,보셨다,True,
1,57,honorableS-plainV,어제 저녁에 혼자서 할아버지가 티비를 봤다.,close,할아버지가,가,티비를 봤다,봤다,False,
1,58,honorableS-honorificV,어제 저녁에 혼자서 할아버지가 산책을 하셨다.,close,할아버지가,가,산책을 하셨다,하셨다,True,
1,58,honorableS-plainV,어제 저녁에 혼자서 할아버지가 산책을 했다.,close,할아버지가,가,산책을 했다,했다,False,
1,59,honorableS-honorificV,어제 저녁에 혼자서 할아버지가 정원을 가꾸셨다.,close,할아버지가,가,정원을 가꾸셨다,가꾸셨다,True,
1,59,honorableS-plainV,어제 저녁에 혼자서 할아버지가 정원을 가꿨다.,close,할아버지가,가,정원을 가꿨다,가꿨다,False,
1,60,honorableS-honorificV,어제 저녁에 혼자서 할아버지가 빨래를 널으셨다.,close,할아버지가,가,빨래를 널으셨다,널으셨다,True,
1,60,honorableS-plainV,어제 저녁에 혼자서 할아버지가 빨래를 널었다.,close,할아버지가,가,빨래를 널었다,널었다,False,
1,61,honorableS-honorificV,어제 저녁에 혼자서 사장님이 책을 읽으셨다.,close,사장님이,이,책을 읽으셨다,읽으셨다,True,
1,61,honorableS-plainV,어제 저녁에 혼자서 사장님이 책을 읽었다.,close,사장님이,이,책을 읽었다,읽었다,False,
1,62,honorableS-honorificV,어제 저녁에 혼자서 사장님이 파스타를 드셨다.,close,사장님이,이,파스타를 드셨다,드셨다,True,
1,62,honorableS-plainV,어제 저녁에 혼자서 사장님이 파스타를 먹었다.,close,사장님이,이,파스타를 먹었다,먹었다,False,
1,63,honorableS-honorificV,어제 저녁에 혼자서 사장님이 호통을 치셨다.,close,사장님이,이,호통을 치셨다,치셨다,True,
1,63,honorableS-plainV,어제 저녁에 혼자서 사장님이 호통을 쳤다.,close,사장님이,이,호통을 쳤다,쳤다,False,
1,64,honorableS-honorificV,어제 저녁에 혼자서 사장님이 핸드폰을 사셨다.,close,사장님이,이,핸드폰을 사셨다,사셨다,True,
1,64,honorableS-plainV,어제 저녁에 혼자서 사장님이 핸드폰을 샀다.,close,사장님이,이,핸드폰을 샀다,샀다,False,
1,65,honorableS-honorificV,어제 저녁에 혼자서 사장님이 편지를 쓰셨다.,close,사장님이,이,편지를 쓰셨다,쓰셨다,True,
1,65,honorableS-plainV,어제 저녁에 혼자서 사장님이 편지를 썼다.,close,사장님이,이,편지를 썼다,썼다,False,
1,66,honorableS-honorificV,어제 저녁에 혼자서 사장님이 노래를 부르셨다.,close,사장님이,이,노래를 부르셨다,부르셨다,True,
1,66,honorableS-plainV,어제 저녁에 혼자서 사장님이 노래를 불렀다.,close,사장님이,이,노래를 불렀다,불렀다,False,
1,67,honorableS-honorificV,어제 저녁에 혼자서 사장님이 티비를 보셨다.,close,사장님이,이,티비를 보셨다,보셨다,True,
1,67,honorableS-plainV,어제 저녁에 혼자서 사장님이 티비를 봤다.,close,사장님이,이,티비를 봤다,봤다,False,
1,68,honorableS-honorificV,어제 저녁에 혼자서 사장님이 산책을 하셨다.,close,사장님이,이,산책을 하셨다,하셨다,True,
1,68,honorableS-plainV,어제 저녁에 혼자서 사장님이 산책을 했다.,close,사장님이,이,산책을 했다,했다,False,
1,69,honorableS-honorificV,어제 저녁에 혼자서 사장님이 정원을 가꾸셨다.,close,사장님이,이,정원을 가꾸셨다,가꾸셨다,True,
1,69,honorableS-plainV,어제 저녁에 혼자서 사장님이 정원을 가꿨다.,close,사장님이,이,정원을 가꿨다,가꿨다,False,
1,70,honorableS-honorificV,어제 저녁에 혼자서 사장님이 빨래를 널으셨다.,close,사장님이,이,빨래를 널으셨다,널으셨다,True,
1,70,honorableS-plainV,어제 저녁에 혼자서 사장님이 빨래를 널었다.,close,사장님이,이,빨래를 널었다,널었다,False,
1,71,honorableS-honorificV,어제 저녁에 혼자서 팀장님이 책을 읽으셨다.,close,팀장님이,이,책을 읽으셨다,읽으셨다,True,
1,71,honorableS-plainV,어제 저녁에 혼자서 팀장님이 책을 읽었다.,close,팀장님이,이,책을 읽었다,읽었다,False,
1,72,honorableS-honorificV,어제 저녁에 혼자서 팀장님이 파스타를 드셨다.,close,팀장님이,이,파스타를 드셨다,드셨다,True,
1,72,honorableS-plainV,어제 저녁에 혼자서 팀장님이 파스타를 먹었다.,close,팀장님이,이,파스타를 먹었다,먹었다,False,
1,73,honorableS-honorificV,어제 저녁에 혼자서 팀장님이 호통을 치셨다.,close,팀장님이,이,호통을 치셨다,치셨다,True,
1,73,honorableS-plainV,어제 저녁에 혼자서 팀장님이 호통을 쳤다.,close,팀장님이,이,호통을 쳤다,쳤다,False,
1,74,honorableS-honorificV,어제 저녁에 혼자서 팀장님이 핸드폰을 사셨다.,close,팀장님이,이,핸드폰을 사셨다,사셨다,True,
1,74,honorableS-plainV,어제 저녁에 혼자서 팀장님이 핸드폰을 샀다.,close,팀장님이,이,핸드폰을 샀다,샀다,False,
1,75,honorableS-honorificV,어제 저녁에 혼자서 팀장님이 편지를 쓰셨다.,close,팀장님이,이,편지를 쓰셨다,쓰셨다,True,
1,75,honorableS-plainV,어제 저녁에 혼자서 팀장님이 편지를 썼다.,close,팀장님이,이,편지를 썼다,썼다,False,
1,76,honorableS-honorificV,어제 저녁에 혼자서 팀장님이 노래를 부르셨다.,close,팀장님이,이,노래를 부르셨다,부르셨다,True,
1,76,honorableS-plainV,어제 저녁에 혼자서 팀장님이 노래를 불렀다.,close,팀장님이,이,노래를 불렀다,불렀다,False,
1,77,honorableS-honorificV,어제 저녁에 혼자서 팀장님이 티비를 보셨다.,close,팀장님이,이,티비를 보셨다,보셨다,True,
1,77,honorableS-plainV,어제 저녁에 혼자서 팀장님이 티비를 봤다.,close,팀장님이,이,티비를 봤다,봤다,False,
1,78,honorableS-honorificV,어제 저녁에 혼자서 팀장님이 산책을 하셨다.,close,팀장님이,이,산책을 하셨다,하셨다,True,
1,78,honorableS-plainV,어제 저녁에 혼자서 팀장님이 산책을 했다.,close,팀장님이,이,산책을 했다,했다,False,
1,79,honorableS-honorificV,어제 저녁에 혼자서 팀장님이 정원을 가꾸셨다.,close,팀장님이,이,정원을 가꾸셨다,가꾸셨다,True,
1,79,honorableS-plainV,어제 저녁에 혼자서 팀장님이 정원을 가꿨다.,close,팀장님이,이,정원을 가꿨다,가꿨다,False,
1,80,honorableS-honorificV,어제 저녁에 혼자서 팀장님이 빨래를 널으셨다.,close,팀장님이,이,빨래를 널으셨다,널으셨다,True,
1,80,honorableS-plainV,어제 저녁에 혼자서 팀장님이 빨래를 널었다.,close,팀장님이,이,빨래를 널었다,널었다,False,
1,81,honorableS-honorificV,어제 저녁에 혼자서 이모님이 책을 읽으셨다.,close,이모님이,이,책을 읽으셨다,읽으셨다,True,
1,81,honorableS-plainV,어제 저녁에 혼자서 이모님이 책을 읽었다.,close,이모님이,이,책을 읽었다,읽었다,False,
1,82,honorableS-honorificV,어제 저녁에 혼자서 이모님이 파스타를 드셨다.,close,이모님이,이,파스타를 드셨다,드셨다,True,
1,82,honorableS-plainV,어제 저녁에 혼자서 이모님이 파스타를 먹었다.,close,이모님이,이,파스타를 먹었다,먹었다,False,
1,83,honorableS-honorificV,어제 저녁에 혼자서 이모님이 호통을 치셨다.,close,이모님이,이,호통을 치셨다,치셨다,True,
1,83,honorableS-plainV,어제 저녁에 혼자서 이모님이 호통을 쳤다.,close,이모님이,이,호통을 쳤다,쳤다,False,
1,84,honorableS-honorificV,어제 저녁에 혼자서 이모님이 핸드폰을 사셨다.,close,이모님이,이,핸드폰을 사셨다,사셨다,True,
1,84,honorableS-plainV,어제 저녁에 혼자서 이모님이 핸드폰을 샀다.,close,이모님이,이,핸드폰을 샀다,샀다,False,
1,85,honorableS-honorificV,어제 저녁에 혼자서 이모님이 편지를 쓰셨다.,close,이모님이,이,편지를 쓰셨다,쓰셨다,True,
1,85,honorableS-plainV,어제 저녁에 혼자서 이모님이 편지를 썼다.,close,이모님이,이,편지를 썼다,썼다,False,
1,86,honorableS-honorificV,어제 저녁에 혼자서 이모님이 노래를 부르셨다.,close,이모님이,이,노래를 부르셨다,부르셨다,True,
1,86,honorableS-plainV,어제 저녁에 혼자서 이모님이 노래를 불렀다.,close,이모님이,이,노래를 불렀다,불렀다,False,
1,87,honorableS-honorificV,어제 저녁에 혼자서 이모님이 티비를 보셨다.,close,이모님이,이,티비를 보셨다,보셨다,True,
1,87,honorableS-plainV,어제 저녁에 혼자서 이모님이 티비를 봤다.,close,이모님이,이,티비를 봤다,봤다,False,
1,88,honorableS-honorificV,어제 저녁에 혼자서 이모님이 산책을 하셨다.,close,이모님이,이,산책을 하셨다,하셨다,True,
1,88,honorableS-plainV,어제 저녁에 혼자서 이모님이 산책을 했다.,close,이모님이,이,산책을 했다,했다,False,
1,89,honorableS-honorificV,어제 저녁에 혼자서 이모님이 정원을 가꾸셨다.,close,이모님이,이,정원을 가꾸셨다,가꾸셨다,True,
1,89,honorableS-plainV,어제 저녁에 혼자서 이모님이 정원을 가꿨다.,close,이모님이,이,정원을 가꿨다,가꿨다,False,
1,90,honorableS-honorificV,어제 저녁에 혼자서 이모님이 빨래를 널으셨다.,close,이모님이,이,빨래를 널으셨다,널으셨다,True,
1,90,honorableS-plainV,어제 저녁에 혼자서 이모님이 빨래를 널었다.,close,이모님이,이,빨래를 널었다,널었다,False,
1,91,honorableS-honorificV,어제 저녁에 혼자서 손님이 책을 읽으셨다.,close,손님이,이,책을 읽으셨다,읽으셨다,True,
1,91,honorableS-plainV,어제 저녁에 혼자서 손님이 책을 읽었다.,close,손님이,이,책을 읽었다,읽었다,False,
1,92,honorableS-honorificV,어제 저녁에 혼자서 손님이 파스타를 드셨다.,close,손님이,이,파스타를 드셨다,드셨다,True,
1,92,honorableS-plainV,어제 저녁에 혼자서 손님이 파스타를 먹었다.,close,손님이,이,파스타를 먹었다,먹었다,False,
1,93,honorableS-honorificV,어제 저녁에 혼자서 손님이 호통을 치셨다.,close,손님이,이,호통을 치셨다,치셨다,True,
1,93,honorableS-plainV,어제 저녁에 혼자서 손님이 호통을 쳤다.,close,손님이,이,호통을 쳤다,쳤다,False,
1,94,honorableS-honorificV,어제 저녁에 혼자서 손님이 핸드폰을 사셨다.,close,손님이,이,핸드폰을 사셨다,사셨다,True,
1,94,honorableS-plainV,어제 저녁에 혼자서 손님이 핸드폰을 샀다.,close,손님이,이,핸드폰을 샀다,샀다,False,
1,95,honorableS-honorificV,어제 저녁에 혼자서 손님이 편지를 쓰셨다.,close,손님이,이,편지를 쓰셨다,쓰셨다,True,
1,95,honorableS-plainV,어제 저녁에 혼자서 손님이 편지를 썼다.,close,손님이,이,편지를 썼다,썼다,False,
1,96,honorableS-honorificV,어제 저녁에 혼자서 손님이 노래를 부르셨다.,close,손님이,이,노래를 부르셨다,부르셨다,True,
1,96,honorableS-plainV,어제 저녁에 혼자서 손님이 노래를 불렀다.,close,손님이,이,노래를 불렀다,불렀다,False,
1,97,honorableS-honorificV,어제 저녁에 혼자서 손님이 티비를 보셨다.,close,손님이,이,티비를 보셨다,보셨다,True,
1,97,honorableS-plainV,어제 저녁에 혼자서 손님이 티비를 봤다.,close,손님이,이,티비를 봤다,봤다,False,
1,98,honorableS-honorificV,어제 저녁에 혼자서 손님이 산책을 하셨다.,close,손님이,이,산책을 하셨다,하셨다,True,
1,98,honorableS-plainV,어제 저녁에 혼자서 손님이 산책을 했다.,close,손님이,이,산책을 했다,했다,False,
1,99,honorableS-honorificV,어제 저녁에 혼자서 손님이 정원을 가꾸셨다.,close,손님이,이,정원을 가꾸셨다,가꾸셨다,True,
1,99,honorableS-plainV,어제 저녁에 혼자서 손님이 정원을 가꿨다.,close,손님이,이,정원을 가꿨다,가꿨다,False,
1,100,honorableS-honorificV,어제 저녁에 혼자서 손님이 빨래를 널으셨다.,close,손님이,이,빨래를 널으셨다,널으셨다,True,
1,100,honorableS-plainV,어제 저녁에 혼자서 손님이 빨래를 널었다.,close,손님이,이,빨래를 널었다,널었다,False,
1,101,plainS-honorificV,어제 저녁에 혼자서 아이가 책을 읽으셨다.,close,아이가,가,책을 읽으셨다,읽으셨다,False,
1,101,plainS-plainV,어제 저녁에 혼자서 아이가 책을 읽었다.,close,아이가,가,책을 읽었다,읽었다,True,
1,102,plainS-honorificV,어제 저녁에 혼자서 아이가 파스타를 드셨다.,close,아이가,가,파스타를 드셨다,드셨다,False,
1,102,plainS-plainV,어제 저녁에 혼자서 아이가 파스타를 먹었다.,close,아이가,가,파스타를 먹었다,먹었다,True,
1,103,plainS-honorificV,어제 저녁에 혼자서 아이가 호통을 치셨다.,close,아이가,가,호통을 치셨다,치셨다,False,
1,103,plainS-plainV,어제 저녁에 혼자서 아이가 호통을 쳤다.,close,아이가,가,호통을 쳤다,쳤다,True,
1,104,plainS-honorificV,어제 저녁에 혼자서 아이가 핸드폰을 사셨다.,close,아이가,가,핸드폰을 사셨다,사셨다,False,
1,104,plainS-plainV,어제 저녁에 혼자서 아이가 핸드폰을 샀다.,close,아이가,가,핸드폰을 샀다,샀다,True,
1,105,plainS-honorificV,어제 저녁에 혼자서 아이가 편지를 쓰셨다.,close,아이가,가,편지를 쓰셨다,쓰셨다,False,
1,105,plainS-plainV,어제 저녁에 혼자서 아이가 편지를 썼다.,close,아이가,가,편지를 썼다,썼다,True,
1,106,plainS-honorificV,어제 저녁에 혼자서 아이가 노래를 부르셨다.,close,아이가,가,노래를 부르셨다,부르셨다,False,
1,106,plainS-plainV,어제 저녁에 혼자서 아이가 노래를 불렀다.,close,아이가,가,노래를 불렀다,불렀다,True,
1,107,plainS-honorificV,어제 저녁에 혼자서 아이가 티비를 보셨다.,close,아이가,가,티비를 보셨다,보셨다,False,
1,107,plainS-plainV,어제 저녁에 혼자서 아이가 티비를 봤다.,close,아이가,가,티비를 봤다,봤다,True,
1,108,plainS-honorificV,어제 저녁에 혼자서 아이가 산책을 하셨다.,close,아이가,가,산책을 하셨다,하셨다,False,
1,108,plainS-plainV,어제 저녁에 혼자서 아이가 산책을 했다.,close,아이가,가,산책을 했다,했다,True,
1,109,plainS-honorificV,어제 저녁에 혼자서 아이가 정원을 가꾸셨다.,close,아이가,가,정원을 가꾸셨다,가꾸셨다,False,
1,109,plainS-plainV,어제 저녁에 혼자서 아이가 정원을 가꿨다.,close,아이가,가,정원을 가꿨다,가꿨다,True,
1,110,plainS-honorificV,어제 저녁에 혼자서 아이가 빨래를 널으셨다.,close,아이가,가,빨래를 널으셨다,널으셨다,False,
1,110,plainS-plainV,어제 저녁에 혼자서 아이가 빨래를 널었다.,close,아이가,가,빨래를 널었다,널었다,True,
1,111,plainS-honorificV,어제 저녁에 혼자서 꼬마가 책을 읽으셨다.,close,꼬마가,가,책을 읽으셨다,읽으셨다,False,
1,111,plainS-plainV,어제 저녁에 혼자서 꼬마가 책을 읽었다.,close,꼬마가,가,책을 읽었다,읽었다,True,
1,112,plainS-honorificV,어제 저녁에 혼자서 꼬마가 파스타를 드셨다.,close,꼬마가,가,파스타를 드셨다,드셨다,False,
1,112,plainS-plainV,어제 저녁에 혼자서 꼬마가 파스타를 먹었다.,close,꼬마가,가,파스타를 먹었다,먹었다,True,
1,113,plainS-honorificV,어제 저녁에 혼자서 꼬마가 호통을 치셨다.,close,꼬마가,가,호통을 치셨다,치셨다,False,
1,113,plainS-plainV,어제 저녁에 혼자서 꼬마가 호통을 쳤다.,close,꼬마가,가,호통을 쳤다,쳤다,True,
1,114,plainS-honorificV,어제 저녁에 혼자서 꼬마가 핸드폰을 사셨다.,close,꼬마가,가,핸드폰을 사셨다,사셨다,False,
1,114,plainS-plainV,어제 저녁에 혼자서 꼬마가 핸드폰을 샀다.,close,꼬마가,가,핸드폰을 샀다,샀다,True,
1,115,plainS-honorificV,어제 저녁에 혼자서 꼬마가 편지를 쓰셨다.,close,꼬마가,가,편지를 쓰셨다,쓰셨다,False,
1,115,plainS-plainV,어제 저녁에 혼자서 꼬마가 편지를 썼다.,close,꼬마가,가,편지를 썼다,썼다,True,
1,116,plainS-honorificV,어제 저녁에 혼자서 꼬마가 노래를 부르셨다.,close,꼬마가,가,노래를 부르셨다,부르셨다,False,
1,116,plainS-plainV,어제 저녁에 혼자서 꼬마가 노래를 불렀다.,close,꼬마가,가,노래를 불렀다,불렀다,True,
1,117,plainS-honorificV,어제 저녁에 혼자서 꼬마가 티비를 보셨다.,close,꼬마가,가,티비를 보셨다,보셨다,False,
1,117,plainS-plainV,어제 저녁에 혼자서 꼬마가 티비를 봤다.,close,꼬마가,가,티비를 봤다,봤다,True,
1,118,plainS-honorificV,어제 저녁에 혼자서 꼬마가 산책을 하셨다.,close,꼬마가,가,산책을 하셨다,하셨다,False,
1,118,plainS-plainV,어제 저녁에 혼자서 꼬마가 산책을 했다.,close,꼬마가,가,산책을 했다,했다,True,
1,119,plainS-honorificV,어제 저녁에 혼자서 꼬마가 정원을 가꾸셨다.,close,꼬마가,가,정원을 가꾸셨다,가꾸셨다,False,
1,119,plainS-plainV,어제 저녁에 혼자서 꼬마가 정원을 가꿨다.,close,꼬마가,가,정원을 가꿨다,가꿨다,True,
1,120,plainS-honorificV,어제 저녁에 혼자서 꼬마가 빨래를 널으셨다.,close,꼬마가,가,빨래를 널으셨다,널으셨다,False,
1,120,plainS-plainV,어제 저녁에 혼자서 꼬마가 빨래를 널었다.,close,꼬마가,가,빨래를 널었다,널었다,True,
1,121,plainS-honorificV,어제 저녁에 혼자서 남자가 책을 읽으셨다.,close,남자가,가,책을 읽으셨다,읽으셨다,False,
1,121,plainS-plainV,어제 저녁에 혼자서 남자가 책을 읽었다.,close,남자가,가,책을 읽었다,읽었다,True,
1,122,plainS-honorificV,어제 저녁에 혼자서 남자가 파스타를 드셨다.,close,남자가,가,파스타를 드셨다,드셨다,False,
1,122,plainS-plainV,어제 저녁에 혼자서 남자가 파스타를 먹었다.,close,남자가,가,파스타를 먹었다,먹었다,True,
1,123,plainS-honorificV,어제 저녁에 혼자서 남자가 호통을 치셨다.,close,남자가,가,호통을 치셨다,치셨다,False,
1,123,plainS-plainV,어제 저녁에 혼자서 남자가 호통을 쳤다.,close,남자가,가,호통을 쳤다,쳤다,True,
1,124,plainS-honorificV,어제 저녁에 혼자서 남자가 핸드폰을 사셨다.,close,남자가,가,핸드폰을 사셨다,사셨다,False,
1,124,plainS-plainV,어제 저녁에 혼자서 남자가 핸드폰을 샀다.,close,남자가,가,핸드폰을 샀다,샀다,True,
1,125,plainS-honorificV,어제 저녁에 혼자서 남자가 편지를 쓰셨다.,close,남자가,가,편지를 쓰셨다,쓰셨다,False,
1,125,plainS-plainV,어제 저녁에 혼자서 남자가 편지를 썼다.,close,남자가,가,편지를 썼다,썼다,True,
1,126,plainS-honorificV,어제 저녁에 혼자서 남자가 노래를 부르셨다.,close,남자가,가,노래를 부르셨다,부르셨다,False,
1,126,plainS-plainV,어제 저녁에 혼자서 남자가 노래를 불렀다.,close,남자가,가,노래를 불렀다,불렀다,True,
1,127,plainS-honorificV,어제 저녁에 혼자서 남자가 티비를 보셨다.,close,남자가,가,티비를 보셨다,보셨다,False,
1,127,plainS-plainV,어제 저녁에 혼자서 남자가 티비를 봤다.,close,남자가,가,티비를 봤다,봤다,True,
1,128,plainS-honorificV,어제 저녁에 혼자서 남자가 산책을 하셨다.,close,남자가,가,산책을 하셨다,하셨다,False,
1,128,plainS-plainV,어제 저녁에 혼자서 남자가 산책을 했다.,close,남자가,가,산책을 했다,했다,True,
1,129,plainS-honorificV,어제 저녁에 혼자서 남자가 정원을 가꾸셨다.,close,남자가,가,정원을 가꾸셨다,가꾸셨다,False,
1,129,plainS-plainV,어제 저녁에 혼자서 남자가 정원을 가꿨다.,close,남자가,가,정원을 가꿨다,가꿨다,True,
1,130,plainS-honorificV,어제 저녁에 혼자서 남자가 빨래를 널으셨다.,close,남자가,가,빨래를 널으셨다,널으셨다,False,
1,130,plainS-plainV,어제 저녁에 혼자서 남자가 빨래를 널었다.,close,남자가,가,빨래를 널었다,널었다,True,
1,131,plainS-honorificV,어제 저녁에 혼자서 여자가 책을 읽으셨다.,close,여자가,가,책을 읽으셨다,읽으셨다,False,
1,131,plainS-plainV,어제 저녁에 혼자서 여자가 책을 읽었다.,close,여자가,가,책을 읽었다,읽었다,True,
1,132,plainS-honorificV,어제 저녁에 혼자서 여자가 파스타를 드셨다.,close,여자가,가,파스타를 드셨다,드셨다,False,
1,132,plainS-plainV,어제 저녁에 혼자서 여자가 파스타를 먹었다.,close,여자가,가,파스타를 먹었다,먹었다,True,
1,133,plainS-honorificV,어제 저녁에 혼자서 여자가 호통을 치셨다.,close,여자가,가,호통을 치셨다,치셨다,False,
1,133,plainS-plainV,어제 저녁에 혼자서 여자가 호통을 쳤다.,close,여자가,가,호통을 쳤다,쳤다,True,
1,134,plainS-honorificV,어제 저녁에 혼자서 여자가 핸드폰을 사셨다.,close,여자가,가,핸드폰을 사셨다,사셨다,False,
1,134,plainS-plainV,어제 저녁에 혼자서 여자가 핸드폰을 샀다.,close,여자가,가,핸드폰을 샀다,샀다,True,
1,135,plainS-honorificV,어제 저녁에 혼자서 여자가 편지를 쓰셨다.,close,여자가,가,편지를 쓰셨다,쓰셨다,False,
1,135,plainS-plainV,어제 저녁에 혼자서 여자가 편지를 썼다.,close,여자가,가,편지를 썼다,썼다,True,
1,136,plainS-honorificV,어제 저녁에 혼자서 여자가 노래를 부르셨다.,close,여자가,가,노래를 부르셨다,부르셨다,False,
1,136,plainS-plainV,어제 저녁에 혼자서 여자가 노래를 불렀다.,close,여자가,가,노래를 불렀다,불렀다,True,
1,137,plainS-honorificV,어제 저녁에 혼자서 여자가 티비를 보셨다.,close,여자가,가,티비를 보셨다,보셨다,False,
1,137,plainS-plainV,어제 저녁에 혼자서 여자가 티비를 봤다.,close,여자가,가,티비를 봤다,봤다,True,
1,138,plainS-honorificV,어제 저녁에 혼자서 여자가 산책을 하셨다.,close,여자가,가,산책을 하셨다,하셨다,False,
1,138,plainS-plainV,어제 저녁에 혼자서 여자가 산책을 했다.,close,여자가,가,산책을 했다,했다,True,
1,139,plainS-honorificV,어제 저녁에 혼자서 여자가 정원을 가꾸셨다.,close,여자가,가,정원을 가꾸셨다,가꾸셨다,False,
1,139,plainS-plainV,어제 저녁에 혼자서 여자가 정원을 가꿨다.,close,여자가,가,정원을 가꿨다,가꿨다,True,
1,140,plainS-honorificV,어제 저녁에 혼자서 여자가 빨래를 널으셨다.,close,여자가,가,빨래를 널으셨다,널으셨다,False,
1,140,plainS-plainV,어제 저녁에 혼자서 여자가 빨래를 널었다.,close,여자가,가,빨래를 널었다,널었다,True,
1,141,plainS-honorificV,어제 저녁에 혼자서 딸이 책을 읽으셨다.,close,딸이,이,책을 읽으셨다,읽으셨다,False,
1,141,plainS-plainV,어제 저녁에 혼자서 딸이 책을 읽었다.,close,딸이,이,책을 읽었다,읽었다,True,
1,142,plainS-honorificV,어제 저녁에 혼자서 딸이 파스타를 드셨다.,close,딸이,이,파스타를 드셨다,드셨다,False,
1,142,plainS-plainV,어제 저녁에 혼자서 딸이 파스타를 먹었다.,close,딸이,이,파스타를 먹었다,먹었다,True,
1,143,plainS-honorificV,어제 저녁에 혼자서 딸이 호통을 치셨다.,close,딸이,이,호통을 치셨다,치셨다,False,
1,143,plainS-plainV,어제 저녁에 혼자서 딸이 호통을 쳤다.,close,딸이,이,호통을 쳤다,쳤다,True,
1,144,plainS-honorificV,어제 저녁에 혼자서 딸이 핸드폰을 사셨다.,close,딸이,이,핸드폰을 사셨다,사셨다,False,
1,144,plainS-plainV,어제 저녁에 혼자서 딸이 핸드폰을 샀다.,close,딸이,이,핸드폰을 샀다,샀다,True,
1,145,plainS-honorificV,어제 저녁에 혼자서 딸이 편지를 쓰셨다.,close,딸이,이,편지를 쓰셨다,쓰셨다,False,
1,145,plainS-plainV,어제 저녁에 혼자서 딸이 편지를 썼다.,close,딸이,이,편지를 썼다,썼다,True,
1,146,plainS-honorificV,어제 저녁에 혼자서 딸이 노래를 부르셨다.,close,딸이,이,노래를 부르셨다,부르셨다,False,
1,146,plainS-plainV,어제 저녁에 혼자서 딸이 노래를 불렀다.,close,딸이,이,노래를 불렀다,불렀다,True,
1,147,plainS-honorificV,어제 저녁에 혼자서 딸이 티비를 보셨다.,close,딸이,이,티비를 보셨다,보셨다,False,
1,147,plainS-plainV,어제 저녁에 혼자서 딸이 티비를 봤다.,close,딸이,이,티비를 봤다,봤다,True,
1,148,plainS-honorificV,어제 저녁에 혼자서 딸이 산책을 하셨다.,close,딸이,이,산책을 하셨다,하셨다,False,
1,148,plainS-plainV,어제 저녁에 혼자서 딸이 산책을 했다.,close,딸이,이,산책을 했다,했다,True,
1,149,plainS-honorificV,어제 저녁에 혼자서 딸이 정원을 가꾸셨다.,close,딸이,이,정원을 가꾸셨다,가꾸셨다,False,
1,149,plainS-plainV,어제 저녁에 혼자서 딸이 정원을 가꿨다.,close,딸이,이,정원을 가꿨다,가꿨다,True,
1,150,plainS-honorificV,어제 저녁에 혼자서 딸이 빨래를 널으셨다.,close,딸이,이,빨래를 널으셨다,널으셨다,False,
1,150,plainS-plainV,어제 저녁에 혼자서 딸이 빨래를 널었다.,close,딸이,이,빨래를 널었다,널었다,True,
1,151,plainS-honorificV,어제 저녁에 혼자서 아들이 책을 읽으셨다.,close,아들이,이,책을 읽으셨다,읽으셨다,False,
1,151,plainS-plainV,어제 저녁에 혼자서 아들이 책을 읽었다.,close,아들이,이,책을 읽었다,읽었다,True,
1,152,plainS-honorificV,어제 저녁에 혼자서 아들이 파스타를 드셨다.,close,아들이,이,파스타를 드셨다,드셨다,False,
1,152,plainS-plainV,어제 저녁에 혼자서 아들이 파스타를 먹었다.,close,아들이,이,파스타를 먹었다,먹었다,True,
1,153,plainS-honorificV,어제 저녁에 혼자서 아들이 호통을 치셨다.,close,아들이,이,호통을 치셨다,치셨다,False,
1,153,plainS-plainV,어제 저녁에 혼자서 아들이 호통을 쳤다.,close,아들이,이,호통을 쳤다,쳤다,True,
1,154,plainS-honorificV,어제 저녁에 혼자서 아들이 핸드폰을 사셨다.,close,아들이,이,핸드폰을 사셨다,사셨다,False,
1,154,plainS-plainV,어제 저녁에 혼자서 아들이 핸드폰을 샀다.,close,아들이,이,핸드폰을 샀다,샀다,True,
1,155,plainS-honorificV,어제 저녁에 혼자서 아들이 편지를 쓰셨다.,close,아들이,이,편지를 쓰셨다,쓰셨다,False,
1,155,plainS-plainV,어제 저녁에 혼자서 아들이 편지를 썼다.,close,아들이,이,편지를 썼다,썼다,True,
1,156,plainS-honorificV,어제 저녁에 혼자서 아들이 노래를 부르셨다.,close,아들이,이,노래를 부르셨다,부르셨다,False,
1,156,plainS-plainV,어제 저녁에 혼자서 아들이 노래를 불렀다.,close,아들이,이,노래를 불렀다,불렀다,True,
1,157,plainS-honorificV,어제 저녁에 혼자서 아들이 티비를 보셨다.,close,아들이,이,티비를 보셨다,보셨다,False,
1,157,plainS-plainV,어제 저녁에 혼자서 아들이 티비를 봤다.,close,아들이,이,티비를 봤다,봤다,True,
1,158,plainS-honorificV,어제 저녁에 혼자서 아들이 산책을 하셨다.,close,아들이,이,산책을 하셨다,하셨다,False,
1,158,plainS-plainV,어제 저녁에 혼자서 아들이 산책을 했다.,close,아들이,이,산책을 했다,했다,True,
1,159,plainS-honorificV,어제 저녁에 혼자서 아들이 정원을 가꾸셨다.,close,아들이,이,정원을 가꾸셨다,가꾸셨다,False,
1,159,plainS-plainV,어제 저녁에 혼자서 아들이 정원을 가꿨다.,close,아들이,이,정원을 가꿨다,가꿨다,True,
1,160,plainS-honorificV,어제 저녁에 혼자서 아들이 빨래를 널으셨다.,close,아들이,이,빨래를 널으셨다,널으셨다,False,
1,160,plainS-plainV,어제 저녁에 혼자서 아들이 빨래를 널었다.,close,아들이,이,빨래를 널었다,널었다,True,
1,161,plainS-honorificV,어제 저녁에 혼자서 친구가 책을 읽으셨다.,close,친구가,가,책을 읽으셨다,읽으셨다,False,
1,161,plainS-plainV,어제 저녁에 혼자서 친구가 책을 읽었다.,close,친구가,가,책을 읽었다,읽었다,True,
1,162,plainS-honorificV,어제 저녁에 혼자서 친구가 파스타를 드셨다.,close,친구가,가,파스타를 드셨다,드셨다,False,
1,162,plainS-plainV,어제 저녁에 혼자서 친구가 파스타를 먹었다.,close,친구가,가,파스타를 먹었다,먹었다,True,
1,163,plainS-honorificV,어제 저녁에 혼자서 친구가 호통을 치셨다.,close,친구가,가,호통을 치셨다,치셨다,False,
1,163,plainS-plainV,어제 저녁에 혼자서 친구가 호통을 쳤다.,close,친구가,가,호통을 쳤다,쳤다,True,
1,164,plainS-honorificV,어제 저녁에 혼자서 친구가 핸드폰을 사셨다.,close,친구가,가,핸드폰을 사셨다,사셨다,False,
1,164,plainS-plainV,어제 저녁에 혼자서 친구가 핸드폰을 샀다.,close,친구가,가,핸드폰을 샀다,샀다,True,
1,165,plainS-honorificV,어제 저녁에 혼자서 친구가 편지를 쓰셨다.,close,친구가,가,편지를 쓰셨다,쓰셨다,False,
1,165,plainS-plainV,어제 저녁에 혼자서 친구가 편지를 썼다.,close,친구가,가,편지를 썼다,썼다,True,
1,166,plainS-honorificV,어제 저녁에 혼자서 친구가 노래를 부르셨다.,close,친구가,가,노래를 부르셨다,부르셨다,False,
1,166,plainS-plainV,어제 저녁에 혼자서 친구가 노래를 불렀다.,close,친구가,가,노래를 불렀다,불렀다,True,
1,167,plainS-honorificV,어제 저녁에 혼자서 친구가 티비를 보셨다.,close,친구가,가,티비를 보셨다,보셨다,False,
1,167,plainS-plainV,어제 저녁에 혼자서 친구가 티비를 봤다.,close,친구가,가,티비를 봤다,봤다,True,
1,168,plainS-honorificV,어제 저녁에 혼자서 친구가 산책을 하셨다.,close,친구가,가,산책을 하셨다,하셨다,False,
1,168,plainS-plainV,어제 저녁에 혼자서 친구가 산책을 했다.,close,친구가,가,산책을 했다,했다,True,
1,169,plainS-honorificV,어제 저녁에 혼자서 친구가 정원을 가꾸셨다.,close,친구가,가,정원을 가꾸셨다,가꾸셨다,False,
1,169,plainS-plainV,어제 저녁에 혼자서 친구가 정원을 가꿨다.,close,친구가,가,정원을 가꿨다,가꿨다,True,
1,170,plainS-honorificV,어제 저녁에 혼자서 친구가 빨래를 널으셨다.,close,친구가,가,빨래를 널으셨다,널으셨다,False,
1,170,plainS-plainV,어제 저녁에 혼자서 친구가 빨래를 널었다.,close,친구가,가,빨래를 널었다,널었다,True,
1,171,plainS-honorificV,어제 저녁에 혼자서 막내가 책을 읽으셨다.,close,막내가,가,책을 읽으셨다,읽으셨다,False,
1,171,plainS-plainV,어제 저녁에 혼자서 막내가 책을 읽었다.,close,막내가,가,책을 읽었다,읽었다,True,
1,172,plainS-honorificV,어제 저녁에 혼자서 막내가 파스타를 드셨다.,close,막내가,가,파스타를 드셨다,드셨다,False,
1,172,plainS-plainV,어제 저녁에 혼자서 막내가 파스타를 먹었다.,close,막내가,가,파스타를 먹었다,먹었다,True,
1,173,plainS-honorificV,어제 저녁에 혼자서 막내가 호통을 치셨다.,close,막내가,가,호통을 치셨다,치셨다,False,
1,173,plainS-plainV,어제 저녁에 혼자서 막내가 호통을 쳤다.,close,막내가,가,호통을 쳤다,쳤다,True,
1,174,plainS-honorificV,어제 저녁에 혼자서 막내가 핸드폰을 사셨다.,close,막내가,가,핸드폰을 사셨다,사셨다,False,
1,174,plainS-plainV,어제 저녁에 혼자서 막내가 핸드폰을 샀다.,close,막내가,가,핸드폰을 샀다,샀다,True,
1,175,plainS-honorificV,어제 저녁에 혼자서 막내가 편지를 쓰셨다.,close,막내가,가,편지를 쓰셨다,쓰셨다,False,
1,175,plainS-plainV,어제 저녁에 혼자서 막내가 편지를 썼다.,close,막내가,가,편지를 썼다,썼다,True,
1,176,plainS-honorificV,어제 저녁에 혼자서 막내가 노래를 부르셨다.,close,막내가,가,노래를 부르셨다,부르셨다,False,
1,176,plainS-plainV,어제 저녁에 혼자서 막내가 노래를 불렀다.,close,막내가,가,노래를 불렀다,불렀다,True,
1,177,plainS-honorificV,어제 저녁에 혼자서 막내가 티비를 보셨다.,close,막내가,가,티비를 보셨다,보셨다,False,
1,177,plainS-plainV,어제 저녁에 혼자서 막내가 티비를 봤다.,close,막내가,가,티비를 봤다,봤다,True,
1,178,plainS-honorificV,어제 저녁에 혼자서 막내가 산책을 하셨다.,close,막내가,가,산책을 하셨다,하셨다,False,
1,178,plainS-plainV,어제 저녁에 혼자서 막내가 산책을 했다.,close,막내가,가,산책을 했다,했다,True,
1,179,plainS-honorificV,어제 저녁에 혼자서 막내가 정원을 가꾸셨다.,close,막내가,가,정원을 가꾸셨다,가꾸셨다,False,
1,179,plainS-plainV,어제 저녁에 혼자서 막내가 정원을 가꿨다.,close,막내가,가,정원을 가꿨다,가꿨다,True,
1,180,plainS-honorificV,어제 저녁에 혼자서 막내가 빨래를 널으셨다.,close,막내가,가,빨래를 널으셨다,널으셨다,False,
1,180,plainS-plainV,어제 저녁에 혼자서 막내가 빨래를 널었다.,close,막내가,가,빨래를 널었다,널었다,True,
1,181,plainS-honorificV,어제 저녁에 혼자서 초등학생이 책을 읽으셨다.,close,초등학생이,이,책을 읽으셨다,읽으셨다,False,
1,181,plainS-plainV,어제 저녁에 혼자서 초등학생이 책을 읽었다.,close,초등학생이,이,책을 읽었다,읽었다,True,
1,182,plainS-honorificV,어제 저녁에 혼자서 초등학생이 파스타를 드셨다.,close,초등학생이,이,파스타를 드셨다,드셨다,False,
1,182,plainS-plainV,어제 저녁에 혼자서 초등학생이 파스타를 먹었다.,close,초등학생이,이,파스타를 먹었다,먹었다,True,
1,183,plainS-honorificV,어제 저녁에 혼자서 초등학생이 호통을 치셨다.,close,초등학생이,이,호통을 치셨다,치셨다,False,
1,183,plainS-plainV,어제 저녁에 혼자서 초등학생이 호통을 쳤다.,close,초등학생이,이,호통을 쳤다,쳤다,True,
1,184,plainS-honorificV,어제 저녁에 혼자서 초등학생이 핸드폰을 사셨다.,close,초등학생이,이,핸드폰을 사셨다,사셨다,False,
1,184,plainS-plainV,어제 저녁에 혼자서 초등학생이 핸드폰을 샀다.,close,초등학생이,이,핸드폰을 샀다,샀다,True,
1,185,plainS-honorificV,어제 저녁에 혼자서 초등학생이 편지를 쓰셨다.,close,초등학생이,이,편지를 쓰셨다,쓰셨다,False,
1,185,plainS-plainV,어제 저녁에 혼자서 초등학생이 편지를 썼다.,close,초등학생이,이,편지를 썼다,썼다,True,
1,186,plainS-honorificV,어제 저녁에 혼자서 초등학생이 노래를 부르셨다.,close,초등학생이,이,노래를 부르셨다,부르셨다,False,
1,186,plainS-plainV,어제 저녁에 혼자서 초등학생이 노래를 불렀다.,close,초등학생이,이,노래를 불렀다,불렀다,True,
1,187,plainS-honorificV,어제 저녁에 혼자서 초등학생이 티비를 보셨다.,close,초등학생이,이,티비를 보셨다,보셨다,False,
1,187,plainS-plainV,어제 저녁에 혼자서 초등학생이 티비를 봤다.,close,초등학생이,이,티비를 봤다,봤다,True,
1,188,plainS-honorificV,어제 저녁에 혼자서 초등학생이 산책을 하셨다.,close,초등학생이,이,산책을 하셨다,하셨다,False,
1,188,plainS-plainV,어제 저녁에 혼자서 초등학생이 산책을 했다.,close,초등학생이,이,산책을 했다,했다,True,
1,189,plainS-honorificV,어제 저녁에 혼자서 초등학생이 정원을 가꾸셨다.,close,초등학생이,이,정원을 가꾸셨다,가꾸셨다,False,
1,189,plainS-plainV,어제 저녁에 혼자서 초등학생이 정원을 가꿨다.,close,초등학생이,이,정원을 가꿨다,가꿨다,True,
1,190,plainS-honorificV,어제 저녁에 혼자서 초등학생이 빨래를 널으셨다.,close,초등학생이,이,빨래를 널으셨다,널으셨다,False,
1,190,plainS-plainV,어제 저녁에 혼자서 초등학생이 빨래를 널었다.,close,초등학생이,이,빨래를 널었다,널었다,True,
1,191,plainS-honorificV,어제 저녁에 혼자서 여동생이 책을 읽으셨다.,close,여동생이,이,책을 읽으셨다,읽으셨다,False,
1,191,plainS-plainV,어제 저녁에 혼자서 여동생이 책을 읽었다.,close,여동생이,이,책을 읽었다,읽었다,True,
1,192,plainS-honorificV,어제 저녁에 혼자서 여동생이 파스타를 드셨다.,close,여동생이,이,파스타를 드셨다,드셨다,False,
1,192,plainS-plainV,어제 저녁에 혼자서 여동생이 파스타를 먹었다.,close,여동생이,이,파스타를 먹었다,먹었다,True,
1,193,plainS-honorificV,어제 저녁에 혼자서 여동생이 호통을 치셨다.,close,여동생이,이,호통을 치셨다,치셨다,False,
1,193,plainS-plainV,어제 저녁에 혼자서 여동생이 호통을 쳤다.,close,여동생이,이,호통을 쳤다,쳤다,True,
1,194,plainS-honorificV,어제 저녁에 혼자서 여동생이 핸드폰을 사셨다.,close,여동생이,이,핸드폰을 사셨다,사셨다,False,
1,194,plainS-plainV,어제 저녁에 혼자서 여동생이 핸드폰을 샀다.,close,여동생이,이,핸드폰을 샀다,샀다,True,
1,195,plainS-honorificV,어제 저녁에 혼자서 여동생이 편지를 쓰셨다.,close,여동생이,이,편지를 쓰셨다,쓰셨다,False,
1,195,plainS-plainV,어제 저녁에 혼자서 여동생이 편지를 썼다.,close,여동생이,이,편지를 썼다,썼다,True,
1,196,plainS-honorificV,어제 저녁에 혼자서 여동생이 노래를 부르셨다.,close,여동생이,이,노래를 부르셨다,부르셨다,False,
1,196,plainS-plainV,어제 저녁에 혼자서 여동생이 노래를 불렀다.,close,여동생이,이,노래를 불렀다,불렀다,True,
1,197,plainS-honorificV,어제 저녁에 혼자서 여동생이 티비를 보셨다.,close,여동생이,이,티비를 보셨다,보셨다,False,
1,197,plainS-plainV,어제 저녁에 혼자서 여동생이 티비를 봤다.,close,여동생이,이,티비를 봤다,봤다,True,
1,198,plainS-honorificV,어제 저녁에 혼자서 여동생이 산책을 하셨다.,close,여동생이,이,산책을 하셨다,하셨다,False,
1,198,plainS-plainV,어제 저녁에 혼자서 여동생이 산책을 했다.,close,여동생이,이,산책을 했다,했다,True,
1,199,plainS-honorificV,어제 저녁에 혼자서 여동생이 정원을 가꾸셨다.,close,여동생이,이,정원을 가꾸셨다,가꾸셨다,False,
1,199,plainS-plainV,어제 저녁에 혼자서 여동생이 정원을 가꿨다.,close,여동생이,이,정원을 가꿨다,가꿨다,True,
1,200,plainS-honorificV,어제 저녁에 혼자서 여동생이 빨래를 널으셨다.,close,여동생이,이,빨래를 널으셨다,널으셨다,False,
1,200,plainS-plainV,어제 저녁에 혼자서 여동생이 빨래를 널었다.,close,여동생이,이,빨래를 널었다,널었다,True,
1,201,honorableS-honorificV,선생님이 어제 저녁에 혼자서 책을 읽으셨다.,far,선생님이,이,책을 읽으셨다,읽으셨다,True,
1,201,honorableS-plainV,선생님이 어제 저녁에 혼자서 책을 읽었다.,far,선생님이,이,책을 읽었다,읽었다,False,
1,202,honorableS-honorificV,선생님이 어제 저녁에 혼자서 파스타를 드셨다.,far,선생님이,이,파스타를 드셨다,드셨다,True,
1,202,honorableS-plainV,선생님이 어제 저녁에 혼자서 파스타를 먹었다.,far,선생님이,이,파스타를 먹었다,먹었다,False,
1,203,honorableS-honorificV,선생님이 어제 저녁에 혼자서 호통을 치셨다.,far,선생님이,이,호통을 치셨다,치셨다,True,
1,203,honorableS-plainV,선생님이 어제 저녁에 혼자서 호통을 쳤다.,far,선생님이,이,호통을 쳤다,쳤다,False,
1,204,honorableS-honorificV,선생님이 어제 저녁에 혼자서 핸드폰을 사셨다.,far,선생님이,이,핸드폰을 사셨다,사셨다,True,
1,204,honorableS-plainV,선생님이 어제 저녁에 혼자서 핸드폰을 샀다.,far,선생님이,이,핸드폰을 샀다,샀다,False,
1,205,honorableS-honorificV,선생님이 어제 저녁에 혼자서 편지를 쓰셨다.,far,선생님이,이,편지를 쓰셨다,쓰셨다,True,
1,205,honorableS-plainV,선생님이 어제 저녁에 혼자서 편지를 썼다.,far,선생님이,이,편지를 썼다,썼다,False,
1,206,honorableS-honorificV,선생님이 어제 저녁에 혼자서 노래를 부르셨다.,far,선생님이,이,노래를 부르셨다,부르셨다,True,
1,206,honorableS-plainV,선생님이 어제 저녁에 혼자서 노래를 불렀다.,far,선생님이,이,노래를 불렀다,불렀다,False,
1,207,honorableS-honorificV,선생님이 어제 저녁에 혼자서 티비를 보셨다.,far,선생님이,이,티비를 보셨다,보셨다,True,
1,207,honorableS-plainV,선생님이 어제 저녁에 혼자서 티비를 봤다.,far,선생님이,이,티비를 봤다,봤다,False,
1,208,honorableS-honorificV,선생님이 어제 저녁에 혼자서 산책을 하셨다.,far,선생님이,이,산책을 하셨다,하셨다,True,
1,208,honorableS-plainV,선생님이 어제 저녁에 혼자서 산책을 했다.,far,선생님이,이,산책을 했다,했다,False,
1,209,honorableS-honorificV,선생님이 어제 저녁에 혼자서 정원을 가꾸셨다.,far,선생님이,이,정원을 가꾸셨다,가꾸셨다,True,
1,209,honorableS-plainV,선생님이 어제 저녁에 혼자서 정원을 가꿨다.,far,선생님이,이,정원을 가꿨다,가꿨다,False,
1,210,honorableS-honorificV,선생님이 어제 저녁에 혼자서 빨래를 널으셨다.,far,선생님이,이,빨래를 널으셨다,널으셨다,True,
1,210,honorableS-plainV,선생님이 어제 저녁에 혼자서 빨래를 널었다.,far,선생님이,이,빨래를 널었다,널었다,False,
1,211,honorableS-honorificV,교수님이 어제 저녁에 혼자서 책을 읽으셨다.,far,교수님이,이,책을 읽으셨다,읽으셨다,True,
1,211,honorableS-plainV,교수님이 어제 저녁에 혼자서 책을 읽었다.,far,교수님이,이,책을 읽었다,읽었다,False,
1,212,honorableS-honorificV,교수님이 어제 저녁에 혼자서 파스타를 드셨다.,far,교수님이,이,파스타를 드셨다,드셨다,True,
1,212,honorableS-plainV,교수님이 어제 저녁에 혼자서 파스타를 먹었다.,far,교수님이,이,파스타를 먹었다,먹었다,False,
1,213,honorableS-honorificV,교수님이 어제 저녁에 혼자서 호통을 치셨다.,far,교수님이,이,호통을 치셨다,치셨다,True,
1,213,honorableS-plainV,교수님이 어제 저녁에 혼자서 호통을 쳤다.,far,교수님이,이,호통을 쳤다,쳤다,False,
1,214,honorableS-honorificV,교수님이 어제 저녁에 혼자서 핸드폰을 사셨다.,far,교수님이,이,핸드폰을 사셨다,사셨다,True,
1,214,honorableS-plainV,교수님이 어제 저녁에 혼자서 핸드폰을 샀다.,far,교수님이,이,핸드폰을 샀다,샀다,False,
1,215,honorableS-honorificV,교수님이 어제 저녁에 혼자서 편지를 쓰셨다.,far,교수님이,이,편지를 쓰셨다,쓰셨다,True,
1,215,honorableS-plainV,교수님이 어제 저녁에 혼자서 편지를 썼다.,far,교수님이,이,편지를 썼다,썼다,False,
1,216,honorableS-honorificV,교수님이 어제 저녁에 혼자서 노래를 부르셨다.,far,교수님이,이,노래를 부르셨다,부르셨다,True,
1,216,honorableS-plainV,교수님이 어제 저녁에 혼자서 노래를 불렀다.,far,교수님이,이,노래를 불렀다,불렀다,False,
1,217,honorableS-honorificV,교수님이 어제 저녁에 혼자서 티비를 보셨다.,far,교수님이,이,티비를 보셨다,보셨다,True,
1,217,honorableS-plainV,교수님이 어제 저녁에 혼자서 티비를 봤다.,far,교수님이,이,티비를 봤다,봤다,False,
1,218,honorableS-honorificV,교수님이 어제 저녁에 혼자서 산책을 하셨다.,far,교수님이,이,산책을 하셨다,하셨다,True,
1,218,honorableS-plainV,교수님이 어제 저녁에 혼자서 산책을 했다.,far,교수님이,이,산책을 했다,했다,False,
1,219,honorableS-honorificV,교수님이 어제 저녁에 혼자서 정원을 가꾸셨다.,far,교수님이,이,정원을 가꾸셨다,가꾸셨다,True,
1,219,honorableS-plainV,교수님이 어제 저녁에 혼자서 정원을 가꿨다.,far,교수님이,이,정원을 가꿨다,가꿨다,False,
1,220,honorableS-honorificV,교수님이 어제 저녁에 혼자서 빨래를 널으셨다.,far,교수님이,이,빨래를 널으셨다,널으셨다,True,
1,220,honorableS-plainV,교수님이 어제 저녁에 혼자서 빨래를 널었다.,far,교수님이,이,빨래를 널었다,널었다,False,
1,221,honorableS-honorificV,어머니가 어제 저녁에 혼자서 책을 읽으셨다.,far,어머니가,가,책을 읽으셨다,읽으셨다,True,
1,221,honorableS-plainV,어머니가 어제 저녁에 혼자서 책을 읽었다.,far,어머니가,가,책을 읽었다,읽었다,False,
1,222,honorableS-honorificV,어머니가 어제 저녁에 혼자서 파스타를 드셨다.,far,어머니가,가,파스타를 드셨다,드셨다,True,
1,222,honorableS-plainV,어머니가 어제 저녁에 혼자서 파스타를 먹었다.,far,어머니가,가,파스타를 먹었다,먹었다,False,
1,223,honorableS-honorificV,어머니가 어제 저녁에 혼자서 호통을 치셨다.,far,어머니가,가,호통을 치셨다,치셨다,True,
1,223,honorableS-plainV,어머니가 어제 저녁에 혼자서 호통을 쳤다.,far,어머니가,가,호통을 쳤다,쳤다,False,
1,224,honorableS-honorificV,어머니가 어제 저녁에 혼자서 핸드폰을 사셨다.,far,어머니가,가,핸드폰을 사셨다,사셨다,True,
1,224,honorableS-plainV,어머니가 어제 저녁에 혼자서 핸드폰을 샀다.,far,어머니가,가,핸드폰을 샀다,샀다,False,
1,225,honorableS-honorificV,어머니가 어제 저녁에 혼자서 편지를 쓰셨다.,far,어머니가,가,편지를 쓰셨다,쓰셨다,True,
1,225,honorableS-plainV,어머니가 어제 저녁에 혼자서 편지를 썼다.,far,어머니가,가,편지를 썼다,썼다,False,
1,226,honorableS-honorificV,어머니가 어제 저녁에 혼자서 노래를 부르셨다.,far,어머니가,가,노래를 부르셨다,부르셨다,True,
1,226,honorableS-plainV,어머니가 어제 저녁에 혼자서 노래를 불렀다.,far,어머니가,가,노래를 불렀다,불렀다,False,
1,227,honorableS-honorificV,어머니가 어제 저녁에 혼자서 티비를 보셨다.,far,어머니가,가,티비를 보셨다,보셨다,True,
1,227,honorableS-plainV,어머니가 어제 저녁에 혼자서 티비를 봤다.,far,어머니가,가,티비를 봤다,봤다,False,
1,228,honorableS-honorificV,어머니가 어제 저녁에 혼자서 산책을 하셨다.,far,어머니가,가,산책을 하셨다,하셨다,True,
1,228,honorableS-plainV,어머니가 어제 저녁에 혼자서 산책을 했다.,far,어머니가,가,산책을 했다,했다,False,
1,229,honorableS-honorificV,어머니가 어제 저녁에 혼자서 정원을 가꾸셨다.,far,어머니가,가,정원을 가꾸셨다,가꾸셨다,True,
1,229,honorableS-plainV,어머니가 어제 저녁에 혼자서 정원을 가꿨다.,far,어머니가,가,정원을 가꿨다,가꿨다,False,
1,230,honorableS-honorificV,어머니가 어제 저녁에 혼자서 빨래를 널으셨다.,far,어머니가,가,빨래를 널으셨다,널으셨다,True,
1,230,honorableS-plainV,어머니가 어제 저녁에 혼자서 빨래를 널었다.,far,어머니가,가,빨래를 널었다,널었다,False,
1,231,honorableS-honorificV,아버지가 어제 저녁에 혼자서 책을 읽으셨다.,far,아버지가,가,책을 읽으셨다,읽으셨다,True,
1,231,honorableS-plainV,아버지가 어제 저녁에 혼자서 책을 읽었다.,far,아버지가,가,책을 읽었다,읽었다,False,
1,232,honorableS-honorificV,아버지가 어제 저녁에 혼자서 파스타를 드셨다.,far,아버지가,가,파스타를 드셨다,드셨다,True,
1,232,honorableS-plainV,아버지가 어제 저녁에 혼자서 파스타를 먹었다.,far,아버지가,가,파스타를 먹었다,먹었다,False,
1,233,honorableS-honorificV,아버지가 어제 저녁에 혼자서 호통을 치셨다.,far,아버지가,가,호통을 치셨다,치셨다,True,
1,233,honorableS-plainV,아버지가 어제 저녁에 혼자서 호통을 쳤다.,far,아버지가,가,호통을 쳤다,쳤다,False,
1,234,honorableS-honorificV,아버지가 어제 저녁에 혼자서 핸드폰을 사셨다.,far,아버지가,가,핸드폰을 사셨다,사셨다,True,
1,234,honorableS-plainV,아버지가 어제 저녁에 혼자서 핸드폰을 샀다.,far,아버지가,가,핸드폰을 샀다,샀다,False,
1,235,honorableS-honorificV,아버지가 어제 저녁에 혼자서 편지를 쓰셨다.,far,아버지가,가,편지를 쓰셨다,쓰셨다,True,
1,235,honorableS-plainV,아버지가 어제 저녁에 혼자서 편지를 썼다.,far,아버지가,가,편지를 썼다,썼다,False,
1,236,honorableS-honorificV,아버지가 어제 저녁에 혼자서 노래를 부르셨다.,far,아버지가,가,노래를 부르셨다,부르셨다,True,
1,236,honorableS-plainV,아버지가 어제 저녁에 혼자서 노래를 불렀다.,far,아버지가,가,노래를 불렀다,불렀다,False,
1,237,honorableS-honorificV,아버지가 어제 저녁에 혼자서 티비를 보셨다.,far,아버지가,가,티비를 보셨다,보셨다,True,
1,237,honorableS-plainV,아버지가 어제 저녁에 혼자서 티비를 봤다.,far,아버지가,가,티비를 봤다,봤다,False,
1,238,honorableS-honorificV,아버지가 어제 저녁에 혼자서 산책을 하셨다.,far,아버지가,가,산책을 하셨다,하셨다,True,
1,238,honorableS-plainV,아버지가 어제 저녁에 혼자서 산책을 했다.,far,아버지가,가,산책을 했다,했다,False,
1,239,honorableS-honorificV,아버지가 어제 저녁에 혼자서 정원을 가꾸셨다.,far,아버지가,가,정원을 가꾸셨다,가꾸셨다,True,
1,239,honorableS-plainV,아버지가 어제 저녁에 혼자서 정원을 가꿨다.,far,아버지가,가,정원을 가꿨다,가꿨다,False,
1,240,honorableS-honorificV,아버지가 어제 저녁에 혼자서 빨래를 널으셨다.,far,아버지가,가,빨래를 널으셨다,널으셨다,True,
1,240,honorableS-plainV,아버지가 어제 저녁에 혼자서 빨래를 널었다.,far,아버지가,가,빨래를 널었다,널었다,False,
1,241,honorableS-honorificV,할머니가 어제 저녁에 혼자서 책을 읽으셨다.,far,할머니가,가,책을 읽으셨다,읽으셨다,True,
1,241,honorableS-plainV,할머니가 어제 저녁에 혼자서 책을 읽었다.,far,할머니가,가,책을 읽었다,읽었다,False,
1,242,honorableS-honorificV,할머니가 어제 저녁에 혼자서 파스타를 드셨다.,far,할머니가,가,파스타를 드셨다,드셨다,True,
1,242,honorableS-plainV,할머니가 어제 저녁에 혼자서 파스타를 먹었다.,far,할머니가,가,파스타를 먹었다,먹었다,False,
1,243,honorableS-honorificV,할머니가 어제 저녁에 혼자서 호통을 치셨다.,far,할머니가,가,호통을 치셨다,치셨다,True,
1,243,honorableS-plainV,할머니가 어제 저녁에 혼자서 호통을 쳤다.,far,할머니가,가,호통을 쳤다,쳤다,False,
1,244,honorableS-honorificV,할머니가 어제 저녁에 혼자서 핸드폰을 사셨다.,far,할머니가,가,핸드폰을 사셨다,사셨다,True,
1,244,honorableS-plainV,할머니가 어제 저녁에 혼자서 핸드폰을 샀다.,far,할머니가,가,핸드폰을 샀다,샀다,False,
1,245,honorableS-honorificV,할머니가 어제 저녁에 혼자서 편지를 쓰셨다.,far,할머니가,가,편지를 쓰셨다,쓰셨다,True,
1,245,honorableS-plainV,할머니가 어제 저녁에 혼자서 편지를 썼다.,far,할머니가,가,편지를 썼다,썼다,False,
1,246,honorableS-honorificV,할머니가 어제 저녁에 혼자서 노래를 부르셨다.,far,할머니가,가,노래를 부르셨다,부르셨다,True,
1,246,honorableS-plainV,할머니가 어제 저녁에 혼자서 노래를 불렀다.,far,할머니가,가,노래를 불렀다,불렀다,False,
1,247,honorableS-honorificV,할머니가 어제 저녁에 혼자서 티비를 보셨다.,far,할머니가,가,티비를 보셨다,보셨다,True,
1,247,honorableS-plainV,할머니가 어제 저녁에 혼자서 티비를 봤다.,far,할머니가,가,티비를 봤다,봤다,False,
1,248,honorableS-honorificV,할머니가 어제 저녁에 혼자서 산책을 하셨다.,far,할머니가,가,산책을 하셨다,하셨다,True,
1,248,honorableS-plainV,할머니가 어제 저녁에 혼자서 산책을 했다.,far,할머니가,가,산책을 했다,했다,False,
1,249,honorableS-honorificV,할머니가 어제 저녁에 혼자서 정원을 가꾸셨다.,far,할머니가,가,정원을 가꾸셨다,가꾸셨다,True,
1,249,honorableS-plainV,할머니가 어제 저녁에 혼자서 정원을 가꿨다.,far,할머니가,가,정원을 가꿨다,가꿨다,False,
1,250,honorableS-honorificV,할머니가 어제 저녁에 혼자서 빨래를 널으셨다.,far,할머니가,가,빨래를 널으셨다,널으셨다,True,
1,250,honorableS-plainV,할머니가 어제 저녁에 혼자서 빨래를 널었다.,far,할머니가,가,빨래를 널었다,널었다,False,
1,251,honorableS-honorificV,할아버지가 어제 저녁에 혼자서 책을 읽으셨다.,far,할아버지가,가,책을 읽으셨다,읽으셨다,True,
1,251,honorableS-plainV,할아버지가 어제 저녁에 혼자서 책을 읽었다.,far,할아버지가,가,책을 읽었다,읽었다,False,
1,252,honorableS-honorificV,할아버지가 어제 저녁에 혼자서 파스타를 드셨다.,far,할아버지가,가,파스타를 드셨다,드셨다,True,
1,252,honorableS-plainV,할아버지가 어제 저녁에 혼자서 파스타를 먹었다.,far,할아버지가,가,파스타를 먹었다,먹었다,False,
1,253,honorableS-honorificV,할아버지가 어제 저녁에 혼자서 호통을 치셨다.,far,할아버지가,가,호통을 치셨다,치셨다,True,
1,253,honorableS-plainV,할아버지가 어제 저녁에 혼자서 호통을 쳤다.,far,할아버지가,가,호통을 쳤다,쳤다,False,
1,254,honorableS-honorificV,할아버지가 어제 저녁에 혼자서 핸드폰을 사셨다.,far,할아버지가,가,핸드폰을 사셨다,사셨다,True,
1,254,honorableS-plainV,할아버지가 어제 저녁에 혼자서 핸드폰을 샀다.,far,할아버지가,가,핸드폰을 샀다,샀다,False,
1,255,honorableS-honorificV,할아버지가 어제 저녁에 혼자서 편지를 쓰셨다.,far,할아버지가,가,편지를 쓰셨다,쓰셨다,True,
1,255,honorableS-plainV,할아버지가 어제 저녁에 혼자서 편지를 썼다.,far,할아버지가,가,편지를 썼다,썼다,False,
1,256,honorableS-honorificV,할아버지가 어제 저녁에 혼자서 노래를 부르셨다.,far,할아버지가,가,노래를 부르셨다,부르셨다,True,
1,256,honorableS-plainV,할아버지가 어제 저녁에 혼자서 노래를 불렀다.,far,할아버지가,가,노래를 불렀다,불렀다,False,
1,257,honorableS-honorificV,할아버지가 어제 저녁에 혼자서 티비를 보셨다.,far,할아버지가,가,티비를 보셨다,보셨다,True,
1,257,honorableS-plainV,할아버지가 어제 저녁에 혼자서 티비를 봤다.,far,할아버지가,가,티비를 봤다,봤다,False,
1,258,honorableS-honorificV,할아버지가 어제 저녁에 혼자서 산책을 하셨다.,far,할아버지가,가,산책을 하셨다,하셨다,True,
1,258,honorableS-plainV,할아버지가 어제 저녁에 혼자서 산책을 했다.,far,할아버지가,가,산책을 했다,했다,False,
1,259,honorableS-honorificV,할아버지가 어제 저녁에 혼자서 정원을 가꾸셨다.,far,할아버지가,가,정원을 가꾸셨다,가꾸셨다,True,
1,259,honorableS-plainV,할아버지가 어제 저녁에 혼자서 정원을 가꿨다.,far,할아버지가,가,정원을 가꿨다,가꿨다,False,
1,260,honorableS-honorificV,할아버지가 어제 저녁에 혼자서 빨래를 널으셨다.,far,할아버지가,가,빨래를 널으셨다,널으셨다,True,
1,260,honorableS-plainV,할아버지가 어제 저녁에 혼자서 빨래를 널었다.,far,할아버지가,가,빨래를 널었다,널었다,False,
1,261,honorableS-honorificV,사장님이 어제 저녁에 혼자서 책을 읽으셨다.,far,사장님이,이,책을 읽으셨다,읽으셨다,True,
1,261,honorableS-plainV,사장님이 어제 저녁에 혼자서 책을 읽었다.,far,사장님이,이,책을 읽었다,읽었다,False,
1,262,honorableS-honorificV,사장님이 어제 저녁에 혼자서 파스타를 드셨다.,far,사장님이,이,파스타를 드셨다,드셨다,True,
1,262,honorableS-plainV,사장님이 어제 저녁에 혼자서 파스타를 먹었다.,far,사장님이,이,파스타를 먹었다,먹었다,False,
1,263,honorableS-honorificV,사장님이 어제 저녁에 혼자서 호통을 치셨다.,far,사장님이,이,호통을 치셨다,치셨다,True,
1,263,honorableS-plainV,사장님이 어제 저녁에 혼자서 호통을 쳤다.,far,사장님이,이,호통을 쳤다,쳤다,False,
1,264,honorableS-honorificV,사장님이 어제 저녁에 혼자서 핸드폰을 사셨다.,far,사장님이,이,핸드폰을 사셨다,사셨다,True,
1,264,honorableS-plainV,사장님이 어제 저녁에 혼자서 핸드폰을 샀다.,far,사장님이,이,핸드폰을 샀다,샀다,False,
1,265,honorableS-honorificV,사장님이 어제 저녁에 혼자서 편지를 쓰셨다.,far,사장님이,이,편지를 쓰셨다,쓰셨다,True,
1,265,honorableS-plainV,사장님이 어제 저녁에 혼자서 편지를 썼다.,far,사장님이,이,편지를 썼다,썼다,False,
1,266,honorableS-honorificV,사장님이 어제 저녁에 혼자서 노래를 부르셨다.,far,사장님이,이,노래를 부르셨다,부르셨다,True,
1,266,honorableS-plainV,사장님이 어제 저녁에 혼자서 노래를 불렀다.,far,사장님이,이,노래를 불렀다,불렀다,False,
1,267,honorableS-honorificV,사장님이 어제 저녁에 혼자서 티비를 보셨다.,far,사장님이,이,티비를 보셨다,보셨다,True,
1,267,honorableS-plainV,사장님이 어제 저녁에 혼자서 티비를 봤다.,far,사장님이,이,티비를 봤다,봤다,False,
1,268,honorableS-honorificV,사장님이 어제 저녁에 혼자서 산책을 하셨다.,far,사장님이,이,산책을 하셨다,하셨다,True,
1,268,honorableS-plainV,사장님이 어제 저녁에 혼자서 산책을 했다.,far,사장님이,이,산책을 했다,했다,False,
1,269,honorableS-honorificV,사장님이 어제 저녁에 혼자서 정원을 가꾸셨다.,far,사장님이,이,정원을 가꾸셨다,가꾸셨다,True,
1,269,honorableS-plainV,사장님이 어제 저녁에 혼자서 정원을 가꿨다.,far,사장님이,이,정원을 가꿨다,가꿨다,False,
1,270,honorableS-honorificV,사장님이 어제 저녁에 혼자서 빨래를 널으셨다.,far,사장님이,이,빨래를 널으셨다,널으셨다,True,
1,270,honorableS-plainV,사장님이 어제 저녁에 혼자서 빨래를 널었다.,far,사장님이,이,빨래를 널었다,널었다,False,
1,271,honorableS-honorificV,팀장님이 어제 저녁에 혼자서 책을 읽으셨다.,far,팀장님이,이,책을 읽으셨다,읽으셨다,True,
1,271,honorableS-plainV,팀장님이 어제 저녁에 혼자서 책을 읽었다.,far,팀장님이,이,책을 읽었다,읽었다,False,
1,272,honorableS-honorificV,팀장님이 어제 저녁에 혼자서 파스타를 드셨다.,far,팀장님이,이,파스타를 드셨다,드셨다,True,
1,272,honorableS-plainV,팀장님이 어제 저녁에 혼자서 파스타를 먹었다.,far,팀장님이,이,파스타를 먹었다,먹었다,False,
1,273,honorableS-honorificV,팀장님이 어제 저녁에 혼자서 호통을 치셨다.,far,팀장님이,이,호통을 치셨다,치셨다,True,
1,273,honorableS-plainV,팀장님이 어제 저녁에 혼자서 호통을 쳤다.,far,팀장님이,이,호통을 쳤다,쳤다,False,
1,274,honorableS-honorificV,팀장님이 어제 저녁에 혼자서 핸드폰을 사셨다.,far,팀장님이,이,핸드폰을 사셨다,사셨다,True,
1,274,honorableS-plainV,팀장님이 어제 저녁에 혼자서 핸드폰을 샀다.,far,팀장님이,이,핸드폰을 샀다,샀다,False,
1,275,honorableS-honorificV,팀장님이 어제 저녁에 혼자서 편지를 쓰셨다.,far,팀장님이,이,편지를 쓰셨다,쓰셨다,True,
1,275,honorableS-plainV,팀장님이 어제 저녁에 혼자서 편지를 썼다.,far,팀장님이,이,편지를 썼다,썼다,False,
1,276,honorableS-honorificV,팀장님이 어제 저녁에 혼자서 노래를 부르셨다.,far,팀장님이,이,노래를 부르셨다,부르셨다,True,
1,276,honorableS-plainV,팀장님이 어제 저녁에 혼자서 노래를 불렀다.,far,팀장님이,이,노래를 불렀다,불렀다,False,
1,277,honorableS-honorificV,팀장님이 어제 저녁에 혼자서 티비를 보셨다.,far,팀장님이,이,티비를 보셨다,보셨다,True,
1,277,honorableS-plainV,팀장님이 어제 저녁에 혼자서 티비를 봤다.,far,팀장님이,이,티비를 봤다,봤다,False,
1,278,honorableS-honorificV,팀장님이 어제 저녁에 혼자서 산책을 하셨다.,far,팀장님이,이,산책을 하셨다,하셨다,True,
1,278,honorableS-plainV,팀장님이 어제 저녁에 혼자서 산책을 했다.,far,팀장님이,이,산책을 했다,했다,False,
1,279,honorableS-honorificV,팀장님이 어제 저녁에 혼자서 정원을 가꾸셨다.,far,팀장님이,이,정원을 가꾸셨다,가꾸셨다,True,
1,279,honorableS-plainV,팀장님이 어제 저녁에 혼자서 정원을 가꿨다.,far,팀장님이,이,정원을 가꿨다,가꿨다,False,
1,280,honorableS-honorificV,팀장님이 어제 저녁에 혼자서 빨래를 널으셨다.,far,팀장님이,이,빨래를 널으셨다,널으셨다,True,
1,280,honorableS-plainV,팀장님이 어제 저녁에 혼자서 빨래를 널었다.,far,팀장님이,이,빨래를 널었다,널었다,False,
1,281,honorableS-honorificV,이모님이 어제 저녁에 혼자서 책을 읽으셨다.,far,이모님이,이,책을 읽으셨다,읽으셨다,True,
1,281,honorableS-plainV,이모님이 어제 저녁에 혼자서 책을 읽었다.,far,이모님이,이,책을 읽었다,읽었다,False,
1,282,honorableS-honorificV,이모님이 어제 저녁에 혼자서 파스타를 드셨다.,far,이모님이,이,파스타를 드셨다,드셨다,True,
1,282,honorableS-plainV,이모님이 어제 저녁에 혼자서 파스타를 먹었다.,far,이모님이,이,파스타를 먹었다,먹었다,False,
1,283,honorableS-honorificV,이모님이 어제 저녁에 혼자서 호통을 치셨다.,far,이모님이,이,호통을 치셨다,치셨다,True,
1,283,honorableS-plainV,이모님이 어제 저녁에 혼자서 호통을 쳤다.,far,이모님이,이,호통을 쳤다,쳤다,False,
1,284,honorableS-honorificV,이모님이 어제 저녁에 혼자서 핸드폰을 사셨다.,far,이모님이,이,핸드폰을 사셨다,사셨다,True,
1,284,honorableS-plainV,이모님이 어제 저녁에 혼자서 핸드폰을 샀다.,far,이모님이,이,핸드폰을 샀다,샀다,False,
1,285,honorableS-honorificV,이모님이 어제 저녁에 혼자서 편지를 쓰셨다.,far,이모님이,이,편지를 쓰셨다,쓰셨다,True,
1,285,honorableS-plainV,이모님이 어제 저녁에 혼자서 편지를 썼다.,far,이모님이,이,편지를 썼다,썼다,False,
1,286,honorableS-honorificV,이모님이 어제 저녁에 혼자서 노래를 부르셨다.,far,이모님이,이,노래를 부르셨다,부르셨다,True,
1,286,honorableS-plainV,이모님이 어제 저녁에 혼자서 노래를 불렀다.,far,이모님이,이,노래를 불렀다,불렀다,False,
1,287,honorableS-honorificV,이모님이 어제 저녁에 혼자서 티비를 보셨다.,far,이모님이,이,티비를 보셨다,보셨다,True,
1,287,honorableS-plainV,이모님이 어제 저녁에 혼자서 티비를 봤다.,far,이모님이,이,티비를 봤다,봤다,False,
1,288,honorableS-honorificV,이모님이 어제 저녁에 혼자서 산책을 하셨다.,far,이모님이,이,산책을 하셨다,하셨다,True,
1,288,honorableS-plainV,이모님이 어제 저녁에 혼자서 산책을 했다.,far,이모님이,이,산책을 했다,했다,False,
1,289,honorableS-honorificV,이모님이 어제 저녁에 혼자서 정원을 가꾸셨다.,far,이모님이,이,정원을 가꾸셨다,가꾸셨다,True,
1,289,honorableS-plainV,이모님이 어제 저녁에 혼자서 정원을 가꿨다.,far,이모님이,이,정원을 가꿨다,가꿨다,False,
1,290,honorableS-honorificV,이모님이 어제 저녁에 혼자서 빨래를 널으셨다.,far,이모님이,이,빨래를 널으셨다,널으셨다,True,
1,290,honorableS-plainV,이모님이 어제 저녁에 혼자서 빨래를 널었다.,far,이모님이,이,빨래를 널었다,널었다,False,
1,291,honorableS-honorificV,손님이 어제 저녁에 혼자서 책을 읽으셨다.,far,손님이,이,책을 읽으셨다,읽으셨다,True,
1,291,honorableS-plainV,손님이 어제 저녁에 혼자서 책을 읽었다.,far,손님이,이,책을 읽었다,읽었다,False,
1,292,honorableS-honorificV,손님이 어제 저녁에 혼자서 파스타를 드셨다.,far,손님이,이,파스타를 드셨다,드셨다,True,
1,292,honorableS-plainV,손님이 어제 저녁에 혼자서 파스타를 먹었다.,far,손님이,이,파스타를 먹었다,먹었다,False,
1,293,honorableS-honorificV,손님이 어제 저녁에 혼자서 호통을 치셨다.,far,손님이,이,호통을 치셨다,치셨다,True,
1,293,honorableS-plainV,손님이 어제 저녁에 혼자서 호통을 쳤다.,far,손님이,이,호통을 쳤다,쳤다,False,
1,294,honorableS-honorificV,손님이 어제 저녁에 혼자서 핸드폰을 사셨다.,far,손님이,이,핸드폰을 사셨다,사셨다,True,
1,294,honorableS-plainV,손님이 어제 저녁에 혼자서 핸드폰을 샀다.,far,손님이,이,핸드폰을 샀다,샀다,False,
1,295,honorableS-honorificV,손님이 어제 저녁에 혼자서 편지를 쓰셨다.,far,손님이,이,편지를 쓰셨다,쓰셨다,True,
1,295,honorableS-plainV,손님이 어제 저녁에 혼자서 편지를 썼다.,far,손님이,이,편지를 썼다,썼다,False,
1,296,honorableS-honorificV,손님이 어제 저녁에 혼자서 노래를 부르셨다.,far,손님이,이,노래를 부르셨다,부르셨다,True,
1,296,honorableS-plainV,손님이 어제 저녁에 혼자서 노래를 불렀다.,far,손님이,이,노래를 불렀다,불렀다,False,
1,297,honorableS-honorificV,손님이 어제 저녁에 혼자서 티비를 보셨다.,far,손님이,이,티비를 보셨다,보셨다,True,
1,297,honorableS-plainV,손님이 어제 저녁에 혼자서 티비를 봤다.,far,손님이,이,티비를 봤다,봤다,False,
1,298,honorableS-honorificV,손님이 어제 저녁에 혼자서 산책을 하셨다.,far,손님이,이,산책을 하셨다,하셨다,True,
1,298,honorableS-plainV,손님이 어제 저녁에 혼자서 산책을 했다.,far,손님이,이,산책을 했다,했다,False,
1,299,honorableS-honorificV,손님이 어제 저녁에 혼자서 정원을 가꾸셨다.,far,손님이,이,정원을 가꾸셨다,가꾸셨다,True,
1,299,honorableS-plainV,손님이 어제 저녁에 혼자서 정원을 가꿨다.,far,손님이,이,정원을 가꿨다,가꿨다,False,
1,300,honorableS-honorificV,손님이 어제 저녁에 혼자서 빨래를 널으셨다.,far,손님이,이,빨래를 널으셨다,널으셨다,True,
1,300,honorableS-plainV,손님이 어제 저녁에 혼자서 빨래를 널었다.,far,손님이,이,빨래를 널었다,널었다,False,
1,301,plainS-honorificV,아이가 어제 저녁에 혼자서 책을 읽으셨다.,far,아이가,가,책을 읽으셨다,읽으셨다,False,
1,301,plainS-plainV,아이가 어제 저녁에 혼자서 책을 읽었다.,far,아이가,가,책을 읽었다,읽었다,True,
1,302,plainS-honorificV,아이가 어제 저녁에 혼자서 파스타를 드셨다.,far,아이가,가,파스타를 드셨다,드셨다,False,
1,302,plainS-plainV,아이가 어제 저녁에 혼자서 파스타를 먹었다.,far,아이가,가,파스타를 먹었다,먹었다,True,
1,303,plainS-honorificV,아이가 어제 저녁에 혼자서 호통을 치셨다.,far,아이가,가,호통을 치셨다,치셨다,False,
1,303,plainS-plainV,아이가 어제 저녁에 혼자서 호통을 쳤다.,far,아이가,가,호통을 쳤다,쳤다,True,
1,304,plainS-honorificV,아이가 어제 저녁에 혼자서 핸드폰을 사셨다.,far,아이가,가,핸드폰을 사셨다,사셨다,False,
1,304,plainS-plainV,아이가 어제 저녁에 혼자서 핸드폰을 샀다.,far,아이가,가,핸드폰을 샀다,샀다,True,
1,305,plainS-honorificV,아이가 어제 저녁에 혼자서 편지를 쓰셨다.,far,아이가,가,편지를 쓰셨다,쓰셨다,False,
1,305,plainS-plainV,아이가 어제 저녁에 혼자서 편지를 썼다.,far,아이가,가,편지를 썼다,썼다,True,
1,306,plainS-honorificV,아이가 어제 저녁에 혼자서 노래를 부르셨다.,far,아이가,가,노래를 부르셨다,부르셨다,False,
1,306,plainS-plainV,아이가 어제 저녁에 혼자서 노래를 불렀다.,far,아이가,가,노래를 불렀다,불렀다,True,
1,307,plainS-honorificV,아이가 어제 저녁에 혼자서 티비를 보셨다.,far,아이가,가,티비를 보셨다,보셨다,False,
1,307,plainS-plainV,아이가 어제 저녁에 혼자서 티비를 봤다.,far,아이가,가,티비를 봤다,봤다,True,
1,308,plainS-honorificV,아이가 어제 저녁에 혼자서 산책을 하셨다.,far,아이가,가,산책을 하셨다,하셨다,False,
1,308,plainS-plainV,아이가 어제 저녁에 혼자서 산책을 했다.,far,아이가,가,산책을 했다,했다,True,
1,309,plainS-honorificV,아이가 어제 저녁에 혼자서 정원을 가꾸셨다.,far,아이가,가,정원을 가꾸셨다,가꾸셨다,False,
1,309,plainS-plainV,아이가 어제 저녁에 혼자서 정원을 가꿨다.,far,아이가,가,정원을 가꿨다,가꿨다,True,
1,310,plainS-honorificV,아이가 어제 저녁에 혼자서 빨래를 널으셨다.,far,아이가,가,빨래를 널으셨다,널으셨다,False,
1,310,plainS-plainV,아이가 어제 저녁에 혼자서 빨래를 널었다.,far,아이가,가,빨래를 널었다,널었다,True,
1,311,plainS-honorificV,꼬마가 어제 저녁에 혼자서 책을 읽으셨다.,far,꼬마가,가,책을 읽으셨다,읽으셨다,False,
1,311,plainS-plainV,꼬마가 어제 저녁에 혼자서 책을 읽었다.,far,꼬마가,가,책을 읽었다,읽었다,True,
1,312,plainS-honorificV,꼬마가 어제 저녁에 혼자서 파스타를 드셨다.,far,꼬마가,가,파스타를 드셨다,드셨다,False,
1,312,plainS-plainV,꼬마가 어제 저녁에 혼자서 파스타를 먹었다.,far,꼬마가,가,파스타를 먹었다,먹었다,True,
1,313,plainS-honorificV,꼬마가 어제 저녁에 혼자서 호통을 치셨다.,far,꼬마가,가,호통을 치셨다,치셨다,False,
1,313,plainS-plainV,꼬마가 어제 저녁에 혼자서 호통을 쳤다.,far,꼬마가,가,호통을 쳤다,쳤다,True,
1,314,plainS-honorificV,꼬마가 어제 저녁에 혼자서 핸드폰을 사셨다.,far,꼬마가,가,핸드폰을 사셨다,사셨다,False,
1,314,plainS-plainV,꼬마가 어제 저녁에 혼자서 핸드폰을 샀다.,far,꼬마가,가,핸드폰을 샀다,샀다,True,
1,315,plainS-honorificV,꼬마가 어제 저녁에 혼자서 편지를 쓰셨다.,far,꼬마가,가,편지를 쓰셨다,쓰셨다,False,
1,315,plainS-plainV,꼬마가 어제 저녁에 혼자서 편지를 썼다.,far,꼬마가,가,편지를 썼다,썼다,True,
1,316,plainS-honorificV,꼬마가 어제 저녁에 혼자서 노래를 부르셨다.,far,꼬마가,가,노래를 부르셨다,부르셨다,False,
1,316,plainS-plainV,꼬마가 어제 저녁에 혼자서 노래를 불렀다.,far,꼬마가,가,노래를 불렀다,불렀다,True,
1,317,plainS-honorificV,꼬마가 어제 저녁에 혼자서 티비를 보셨다.,far,꼬마가,가,티비를 보셨다,보셨다,False,
1,317,plainS-plainV,꼬마가 어제 저녁에 혼자서 티비를 봤다.,far,꼬마가,가,티비를 봤다,봤다,True,
1,318,plainS-honorificV,꼬마가 어제 저녁에 혼자서 산책을 하셨다.,far,꼬마가,가,산책을 하셨다,하셨다,False,
1,318,plainS-plainV,꼬마가 어제 저녁에 혼자서 산책을 했다.,far,꼬마가,가,산책을 했다,했다,True,
1,319,plainS-honorificV,꼬마가 어제 저녁에 혼자서 정원을 가꾸셨다.,far,꼬마가,가,정원을 가꾸셨다,가꾸셨다,False,
1,319,plainS-plainV,꼬마가 어제 저녁에 혼자서 정원을 가꿨다.,far,꼬마가,가,정원을 가꿨다,가꿨다,True,
1,320,plainS-honorificV,꼬마가 어제 저녁에 혼자서 빨래를 널으셨다.,far,꼬마가,가,빨래를 널으셨다,널으셨다,False,
1,320,plainS-plainV,꼬마가 어제 저녁에 혼자서 빨래를 널었다.,far,꼬마가,가,빨래를 널었다,널었다,True,
1,321,plainS-honorificV,남자가 어제 저녁에 혼자서 책을 읽으셨다.,far,남자가,가,책을 읽으셨다,읽으셨다,False,
1,321,plainS-plainV,남자가 어제 저녁에 혼자서 책을 읽었다.,far,남자가,가,책을 읽었다,읽었다,True,
1,322,plainS-honorificV,남자가 어제 저녁에 혼자서 파스타를 드셨다.,far,남자가,가,파스타를 드셨다,드셨다,False,
1,322,plainS-plainV,남자가 어제 저녁에 혼자서 파스타를 먹었다.,far,남자가,가,파스타를 먹었다,먹었다,True,
1,323,plainS-honorificV,남자가 어제 저녁에 혼자서 호통을 치셨다.,far,남자가,가,호통을 치셨다,치셨다,False,
1,323,plainS-plainV,남자가 어제 저녁에 혼자서 호통을 쳤다.,far,남자가,가,호통을 쳤다,쳤다,True,
1,324,plainS-honorificV,남자가 어제 저녁에 혼자서 핸드폰을 사셨다.,far,남자가,가,핸드폰을 사셨다,사셨다,False,
1,324,plainS-plainV,남자가 어제 저녁에 혼자서 핸드폰을 샀다.,far,남자가,가,핸드폰을 샀다,샀다,True,
1,325,plainS-honorificV,남자가 어제 저녁에 혼자서 편지를 쓰셨다.,far,남자가,가,편지를 쓰셨다,쓰셨다,False,
1,325,plainS-plainV,남자가 어제 저녁에 혼자서 편지를 썼다.,far,남자가,가,편지를 썼다,썼다,True,
1,326,plainS-honorificV,남자가 어제 저녁에 혼자서 노래를 부르셨다.,far,남자가,가,노래를 부르셨다,부르셨다,False,
1,326,plainS-plainV,남자가 어제 저녁에 혼자서 노래를 불렀다.,far,남자가,가,노래를 불렀다,불렀다,True,
1,327,plainS-honorificV,남자가 어제 저녁에 혼자서 티비를 보셨다.,far,남자가,가,티비를 보셨다,보셨다,False,
1,327,plainS-plainV,남자가 어제 저녁에 혼자서 티비를 봤다.,far,남자가,가,티비를 봤다,봤다,True,
1,328,plainS-honorificV,남자가 어제 저녁에 혼자서 산책을 하셨다.,far,남자가,가,산책을 하셨다,하셨다,False,
1,328,plainS-plainV,남자가 어제 저녁에 혼자서 산책을 했다.,far,남자가,가,산책을 했다,했다,True,
1,329,plainS-honorificV,남자가 어제 저녁에 혼자서 정원을 가꾸셨다.,far,남자가,가,정원을 가꾸셨다,가꾸셨다,False,
1,329,plainS-plainV,남자가 어제 저녁에 혼자서 정원을 가꿨다.,far,남자가,가,정원을 가꿨다,가꿨다,True,
1,330,plainS-honorificV,남자가 어제 저녁에 혼자서 빨래를 널으셨다.,far,남자가,가,빨래를 널으셨다,널으셨다,False,
1,330,plainS-plainV,남자가 어제 저녁에 혼자서 빨래를 널었다.,far,남자가,가,빨래를 널었다,널었다,True,
1,331,plainS-honorificV,여자가 어제 저녁에 혼자서 책을 읽으셨다.,far,여자가,가,책을 읽으셨다,읽으셨다,False,
1,331,plainS-plainV,여자가 어제 저녁에 혼자서 책을 읽었다.,far,여자가,가,책을 읽었다,읽었다,True,
1,332,plainS-honorificV,여자가 어제 저녁에 혼자서 파스타를 드셨다.,far,여자가,가,파스타를 드셨다,드셨다,False,
1,332,plainS-plainV,여자가 어제 저녁에 혼자서 파스타를 먹었다.,far,여자가,가,파스타를 먹었다,먹었다,True,
1,333,plainS-honorificV,여자가 어제 저녁에 혼자서 호통을 치셨다.,far,여자가,가,호통을 치셨다,치셨다,False,
1,333,plainS-plainV,여자가 어제 저녁에 혼자서 호통을 쳤다.,far,여자가,가,호통을 쳤다,쳤다,True,
1,334,plainS-honorificV,여자가 어제 저녁에 혼자서 핸드폰을 사셨다.,far,여자가,가,핸드폰을 사셨다,사셨다,False,
1,334,plainS-plainV,여자가 어제 저녁에 혼자서 핸드폰을 샀다.,far,여자가,가,핸드폰을 샀다,샀다,True,
1,335,plainS-honorificV,여자가 어제 저녁에 혼자서 편지를 쓰셨다.,far,여자가,가,편지를 쓰셨다,쓰셨다,False,
1,335,plainS-plainV,여자가 어제 저녁에 혼자서 편지를 썼다.,far,여자가,가,편지를 썼다,썼다,True,
1,336,plainS-honorificV,여자가 어제 저녁에 혼자서 노래를 부르셨다.,far,여자가,가,노래를 부르셨다,부르셨다,False,
1,336,plainS-plainV,여자가 어제 저녁에 혼자서 노래를 불렀다.,far,여자가,가,노래를 불렀다,불렀다,True,
1,337,plainS-honorificV,여자가 어제 저녁에 혼자서 티비를 보셨다.,far,여자가,가,티비를 보셨다,보셨다,False,
1,337,plainS-plainV,여자가 어제 저녁에 혼자서 티비를 봤다.,far,여자가,가,티비를 봤다,봤다,True,
1,338,plainS-honorificV,여자가 어제 저녁에 혼자서 산책을 하셨다.,far,여자가,가,산책을 하셨다,하셨다,False,
1,338,plainS-plainV,여자가 어제 저녁에 혼자서 산책을 했다.,far,여자가,가,산책을 했다,했다,True,
1,339,plainS-honorificV,여자가 어제 저녁에 혼자서 정원을 가꾸셨다.,far,여자가,가,정원을 가꾸셨다,가꾸셨다,False,
1,339,plainS-plainV,여자가 어제 저녁에 혼자서 정원을 가꿨다.,far,여자가,가,정원을 가꿨다,가꿨다,True,
1,340,plainS-honorificV,여자가 어제 저녁에 혼자서 빨래를 널으셨다.,far,여자가,가,빨래를 널으셨다,널으셨다,False,
1,340,plainS-plainV,여자가 어제 저녁에 혼자서 빨래를 널었다.,far,여자가,가,빨래를 널었다,널었다,True,
1,341,plainS-honorificV,딸이 어제 저녁에 혼자서 책을 읽으셨다.,far,딸이,이,책을 읽으셨다,읽으셨다,False,
1,341,plainS-plainV,딸이 어제 저녁에 혼자서 책을 읽었다.,far,딸이,이,책을 읽었다,읽었다,True,
1,342,plainS-honorificV,딸이 어제 저녁에 혼자서 파스타를 드셨다.,far,딸이,이,파스타를 드셨다,드셨다,False,
1,342,plainS-plainV,딸이 어제 저녁에 혼자서 파스타를 먹었다.,far,딸이,이,파스타를 먹었다,먹었다,True,
1,343,plainS-honorificV,딸이 어제 저녁에 혼자서 호통을 치셨다.,far,딸이,이,호통을 치셨다,치셨다,False,
1,343,plainS-plainV,딸이 어제 저녁에 혼자서 호통을 쳤다.,far,딸이,이,호통을 쳤다,쳤다,True,
1,344,plainS-honorificV,딸이 어제 저녁에 혼자서 핸드폰을 사셨다.,far,딸이,이,핸드폰을 사셨다,사셨다,False,
1,344,plainS-plainV,딸이 어제 저녁에 혼자서 핸드폰을 샀다.,far,딸이,이,핸드폰을 샀다,샀다,True,
1,345,plainS-honorificV,딸이 어제 저녁에 혼자서 편지를 쓰셨다.,far,딸이,이,편지를 쓰셨다,쓰셨다,False,
1,345,plainS-plainV,딸이 어제 저녁에 혼자서 편지를 썼다.,far,딸이,이,편지를 썼다,썼다,True,
1,346,plainS-honorificV,딸이 어제 저녁에 혼자서 노래를 부르셨다.,far,딸이,이,노래를 부르셨다,부르셨다,False,
1,346,plainS-plainV,딸이 어제 저녁에 혼자서 노래를 불렀다.,far,딸이,이,노래를 불렀다,불렀다,True,
1,347,plainS-honorificV,딸이 어제 저녁에 혼자서 티비를 보셨다.,far,딸이,이,티비를 보셨다,보셨다,False,
1,347,plainS-plainV,딸이 어제 저녁에 혼자서 티비를 봤다.,far,딸이,이,티비를 봤다,봤다,True,
1,348,plainS-honorificV,딸이 어제 저녁에 혼자서 산책을 하셨다.,far,딸이,이,산책을 하셨다,하셨다,False,
1,348,plainS-plainV,딸이 어제 저녁에 혼자서 산책을 했다.,far,딸이,이,산책을 했다,했다,True,
1,349,plainS-honorificV,딸이 어제 저녁에 혼자서 정원을 가꾸셨다.,far,딸이,이,정원을 가꾸셨다,가꾸셨다,False,
1,349,plainS-plainV,딸이 어제 저녁에 혼자서 정원을 가꿨다.,far,딸이,이,정원을 가꿨다,가꿨다,True,
1,350,plainS-honorificV,딸이 어제 저녁에 혼자서 빨래를 널으셨다.,far,딸이,이,빨래를 널으셨다,널으셨다,False,
1,350,plainS-plainV,딸이 어제 저녁에 혼자서 빨래를 널었다.,far,딸이,이,빨래를 널었다,널었다,True,
1,351,plainS-honorificV,아들이 어제 저녁에 혼자서 책을 읽으셨다.,far,아들이,이,책을 읽으셨다,읽으셨다,False,
1,351,plainS-plainV,아들이 어제 저녁에 혼자서 책을 읽었다.,far,아들이,이,책을 읽었다,읽었다,True,
1,352,plainS-honorificV,아들이 어제 저녁에 혼자서 파스타를 드셨다.,far,아들이,이,파스타를 드셨다,드셨다,False,
1,352,plainS-plainV,아들이 어제 저녁에 혼자서 파스타를 먹었다.,far,아들이,이,파스타를 먹었다,먹었다,True,
1,353,plainS-honorificV,아들이 어제 저녁에 혼자서 호통을 치셨다.,far,아들이,이,호통을 치셨다,치셨다,False,
1,353,plainS-plainV,아들이 어제 저녁에 혼자서 호통을 쳤다.,far,아들이,이,호통을 쳤다,쳤다,True,
1,354,plainS-honorificV,아들이 어제 저녁에 혼자서 핸드폰을 사셨다.,far,아들이,이,핸드폰을 사셨다,사셨다,False,
1,354,plainS-plainV,아들이 어제 저녁에 혼자서 핸드폰을 샀다.,far,아들이,이,핸드폰을 샀다,샀다,True,
1,355,plainS-honorificV,아들이 어제 저녁에 혼자서 편지를 쓰셨다.,far,아들이,이,편지를 쓰셨다,쓰셨다,False,
1,355,plainS-plainV,아들이 어제 저녁에 혼자서 편지를 썼다.,far,아들이,이,편지를 썼다,썼다,True,
1,356,plainS-honorificV,아들이 어제 저녁에 혼자서 노래를 부르셨다.,far,아들이,이,노래를 부르셨다,부르셨다,False,
1,356,plainS-plainV,아들이 어제 저녁에 혼자서 노래를 불렀다.,far,아들이,이,노래를 불렀다,불렀다,True,
1,357,plainS-honorificV,아들이 어제 저녁에 혼자서 티비를 보셨다.,far,아들이,이,티비를 보셨다,보셨다,False,
1,357,plainS-plainV,아들이 어제 저녁에 혼자서 티비를 봤다.,far,아들이,이,티비를 봤다,봤다,True,
1,358,plainS-honorificV,아들이 어제 저녁에 혼자서 산책을 하셨다.,far,아들이,이,산책을 하셨다,하셨다,False,
1,358,plainS-plainV,아들이 어제 저녁에 혼자서 산책을 했다.,far,아들이,이,산책을 했다,했다,True,
1,359,plainS-honorificV,아들이 어제 저녁에 혼자서 정원을 가꾸셨다.,far,아들이,이,정원을 가꾸셨다,가꾸셨다,False,
1,359,plainS-plainV,아들이 어제 저녁에 혼자서 정원을 가꿨다.,far,아들이,이,정원을 가꿨다,가꿨다,True,
1,360,plainS-honorificV,아들이 어제 저녁에 혼자서 빨래를 널으셨다.,far,아들이,이,빨래를 널으셨다,널으셨다,False,
1,360,plainS-plainV,아들이 어제 저녁에 혼자서 빨래를 널었다.,far,아들이,이,빨래를 널었다,널었다,True,
1,361,plainS-honorificV,친구가 어제 저녁에 혼자서 책을 읽으셨다.,far,친구가,가,책을 읽으셨다,읽으셨다,False,
1,361,plainS-plainV,친구가 어제 저녁에 혼자서 책을 읽었다.,far,친구가,가,책을 읽었다,읽었다,True,
1,362,plainS-honorificV,친구가 어제 저녁에 혼자서 파스타를 드셨다.,far,친구가,가,파스타를 드셨다,드셨다,False,
1,362,plainS-plainV,친구가 어제 저녁에 혼자서 파스타를 먹었다.,far,친구가,가,파스타를 먹었다,먹었다,True,
1,363,plainS-honorificV,친구가 어제 저녁에 혼자서 호통을 치셨다.,far,친구가,가,호통을 치셨다,치셨다,False,
1,363,plainS-plainV,친구가 어제 저녁에 혼자서 호통을 쳤다.,far,친구가,가,호통을 쳤다,쳤다,True,
1,364,plainS-honorificV,친구가 어제 저녁에 혼자서 핸드폰을 사셨다.,far,친구가,가,핸드폰을 사셨다,사셨다,False,
1,364,plainS-plainV,친구가 어제 저녁에 혼자서 핸드폰을 샀다.,far,친구가,가,핸드폰을 샀다,샀다,True,
1,365,plainS-honorificV,친구가 어제 저녁에 혼자서 편지를 쓰셨다.,far,친구가,가,편지를 쓰셨다,쓰셨다,False,
1,365,plainS-plainV,친구가 어제 저녁에 혼자서 편지를 썼다.,far,친구가,가,편지를 썼다,썼다,True,
1,366,plainS-honorificV,친구가 어제 저녁에 혼자서 노래를 부르셨다.,far,친구가,가,노래를 부르셨다,부르셨다,False,
1,366,plainS-plainV,친구가 어제 저녁에 혼자서 노래를 불렀다.,far,친구가,가,노래를 불렀다,불렀다,True,
1,367,plainS-honorificV,친구가 어제 저녁에 혼자서 티비를 보셨다.,far,친구가,가,티비를 보셨다,보셨다,False,
1,367,plainS-plainV,친구가 어제 저녁에 혼자서 티비를 봤다.,far,친구가,가,티비를 봤다,봤다,True,
1,368,plainS-honorificV,친구가 어제 저녁에 혼자서 산책을 하셨다.,far,친구가,가,산책을 하셨다,하셨다,False,
1,368,plainS-plainV,친구가 어제 저녁에 혼자서 산책을 했다.,far,친구가,가,산책을 했다,했다,True,
1,369,plainS-honorificV,친구가 어제 저녁에 혼자서 정원을 가꾸셨다.,far,친구가,가,정원을 가꾸셨다,가꾸셨다,False,
1,369,plainS-plainV,친구가 어제 저녁에 혼자서 정원을 가꿨다.,far,친구가,가,정원을 가꿨다,가꿨다,True,
1,370,plainS-honorificV,친구가 어제 저녁에 혼자서 빨래를 널으셨다.,far,친구가,가,빨래를 널으셨다,널으셨다,False,
1,370,plainS-plainV,친구가 어제 저녁에 혼자서 빨래를 널었다.,far,친구가,가,빨래를 널었다,널었다,True,
1,371,plainS-honorificV,막내가 어제 저녁에 혼자서 책을 읽으셨다.,far,막내가,가,책을 읽으셨다,읽으셨다,False,
1,371,plainS-plainV,막내가 어제 저녁에 혼자서 책을 읽었다.,far,막내가,가,책을 읽었다,읽었다,True,
1,372,plainS-honorificV,막내가 어제 저녁에 혼자서 파스타를 드셨다.,far,막내가,가,파스타를 드셨다,드셨다,False,
1,372,plainS-plainV,막내가 어제 저녁에 혼자서 파스타를 먹었다.,far,막내가,가,파스타를 먹었다,먹었다,True,
1,373,plainS-honorificV,막내가 어제 저녁에 혼자서 호통을 치셨다.,far,막내가,가,호통을 치셨다,치셨다,False,
1,373,plainS-plainV,막내가 어제 저녁에 혼자서 호통을 쳤다.,far,막내가,가,호통을 쳤다,쳤다,True,
1,374,plainS-honorificV,막내가 어제 저녁에 혼자서 핸드폰을 사셨다.,far,막내가,가,핸드폰을 사셨다,사셨다,False,
1,374,plainS-plainV,막내가 어제 저녁에 혼자서 핸드폰을 샀다.,far,막내가,가,핸드폰을 샀다,샀다,True,
1,375,plainS-honorificV,막내가 어제 저녁에 혼자서 편지를 쓰셨다.,far,막내가,가,편지를 쓰셨다,쓰셨다,False,
1,375,plainS-plainV,막내가 어제 저녁에 혼자서 편지를 썼다.,far,막내가,가,편지를 썼다,썼다,True,
1,376,plainS-honorificV,막내가 어제 저녁에 혼자서 노래를 부르셨다.,far,막내가,가,노래를 부르셨다,부르셨다,False,
1,376,plainS-plainV,막내가 어제 저녁에 혼자서 노래를 불렀다.,far,막내가,가,노래를 불렀다,불렀다,True,
1,377,plainS-honorificV,막내가 어제 저녁에 혼자서 티비를 보셨다.,far,막내가,가,티비를 보셨다,보셨다,False,
1,377,plainS-plainV,막내가 어제 저녁에 혼자서 티비를 봤다.,far,막내가,가,티비를 봤다,봤다,True,
1,378,plainS-honorificV,막내가 어제 저녁에 혼자서 산책을 하셨다.,far,막내가,가,산책을 하셨다,하셨다,False,
1,378,plainS-plainV,막내가 어제 저녁에 혼자서 산책을 했다.,far,막내가,가,산책을 했다,했다,True,
1,379,plainS-honorificV,막내가 어제 저녁에 혼자서 정원을 가꾸셨다.,far,막내가,가,정원을 가꾸셨다,가꾸셨다,False,
1,379,plainS-plainV,막내가 어제 저녁에 혼자서 정원을 가꿨다.,far,막내가,가,정원을 가꿨다,가꿨다,True,
1,380,plainS-honorificV,막내가 어제 저녁에 혼자서 빨래를 널으셨다.,far,막내가,가,빨래를 널으셨다,널으셨다,False,
1,380,plainS-plainV,막내가 어제 저녁에 혼자서 빨래를 널었다.,far,막내가,가,빨래를 널었다,널었다,True,
1,381,plainS-honorificV,초등학생이 어제 저녁에 혼자서 책을 읽으셨다.,far,초등학생이,이,책을 읽으셨다,읽으셨다,False,
1,381,plainS-plainV,초등학생이 어제 저녁에 혼자서 책을 읽었다.,far,초등학생이,이,책을 읽었다,읽었다,True,
1,382,plainS-honorificV,초등학생이 어제 저녁에 혼자서 파스타를 드셨다.,far,초등학생이,이,파스타를 드셨다,드셨다,False,
1,382,plainS-plainV,초등학생이 어제 저녁에 혼자서 파스타를 먹었다.,far,초등학생이,이,파스타를 먹었다,먹었다,True,
1,383,plainS-honorificV,초등학생이 어제 저녁에 혼자서 호통을 치셨다.,far,초등학생이,이,호통을 치셨다,치셨다,False,
1,383,plainS-plainV,초등학생이 어제 저녁에 혼자서 호통을 쳤다.,far,초등학생이,이,호통을 쳤다,쳤다,True,
1,384,plainS-honorificV,초등학생이 어제 저녁에 혼자서 핸드폰을 사셨다.,far,초등학생이,이,핸드폰을 사셨다,사셨다,False,
1,384,plainS-plainV,초등학생이 어제 저녁에 혼자서 핸드폰을 샀다.,far,초등학생이,이,핸드폰을 샀다,샀다,True,
1,385,plainS-honorificV,초등학생이 어제 저녁에 혼자서 편지를 쓰셨다.,far,초등학생이,이,편지를 쓰셨다,쓰셨다,False,
1,385,plainS-plainV,초등학생이 어제 저녁에 혼자서 편지를 썼다.,far,초등학생이,이,편지를 썼다,썼다,True,
1,386,plainS-honorificV,초등학생이 어제 저녁에 혼자서 노래를 부르셨다.,far,초등학생이,이,노래를 부르셨다,부르셨다,False,
1,386,plainS-plainV,초등학생이 어제 저녁에 혼자서 노래를 불렀다.,far,초등학생이,이,노래를 불렀다,불렀다,True,
1,387,plainS-honorificV,초등학생이 어제 저녁에 혼자서 티비를 보셨다.,far,초등학생이,이,티비를 보셨다,보셨다,False,
1,387,plainS-plainV,초등학생이 어제 저녁에 혼자서 티비를 봤다.,far,초등학생이,이,티비를 봤다,봤다,True,
1,388,plainS-honorificV,초등학생이 어제 저녁에 혼자서 산책을 하셨다.,far,초등학생이,이,산책을 하셨다,하셨다,False,
1,388,plainS-plainV,초등학생이 어제 저녁에 혼자서 산책을 했다.,far,초등학생이,이,산책을 했다,했다,True,
1,389,plainS-honorificV,초등학생이 어제 저녁에 혼자서 정원을 가꾸셨다.,far,초등학생이,이,정원을 가꾸셨다,가꾸셨다,False,
1,389,plainS-plainV,초등학생이 어제 저녁에 혼자서 정원을 가꿨다.,far,초등학생이,이,정원을 가꿨다,가꿨다,True,
1,390,plainS-honorificV,초등학생이 어제 저녁에 혼자서 빨래를 널으셨다.,far,초등학생이,이,빨래를 널으셨다,널으셨다,False,
1,390,plainS-plainV,초등학생이 어제 저녁에 혼자서 빨래를 널었다.,far,초등학생이,이,빨래를 널었다,널었다,True,
1,391,plainS-honorificV,여동생이 어제 저녁에 혼자서 책을 읽으셨다.,far,여동생이,이,책을 읽으셨다,읽으셨다,False,
1,391,plainS-plainV,여동생이 어제 저녁에 혼자서 책을 읽었다.,far,여동생이,이,책을 읽었다,읽었다,True,
1,392,plainS-honorificV,여동생이 어제 저녁에 혼자서 파스타를 드셨다.,far,여동생이,이,파스타를 드셨다,드셨다,False,
1,392,plainS-plainV,여동생이 어제 저녁에 혼자서 파스타를 먹었다.,far,여동생이,이,파스타를 먹었다,먹었다,True,
1,393,plainS-honorificV,여동생이 어제 저녁에 혼자서 호통을 치셨다.,far,여동생이,이,호통을 치셨다,치셨다,False,
1,393,plainS-plainV,여동생이 어제 저녁에 혼자서 호통을 쳤다.,far,여동생이,이,호통을 쳤다,쳤다,True,
1,394,plainS-honorificV,여동생이 어제 저녁에 혼자서 핸드폰을 사셨다.,far,여동생이,이,핸드폰을 사셨다,사셨다,False,
1,394,plainS-plainV,여동생이 어제 저녁에 혼자서 핸드폰을 샀다.,far,여동생이,이,핸드폰을 샀다,샀다,True,
1,395,plainS-honorificV,여동생이 어제 저녁에 혼자서 편지를 쓰셨다.,far,여동생이,이,편지를 쓰셨다,쓰셨다,False,
1,395,plainS-plainV,여동생이 어제 저녁에 혼자서 편지를 썼다.,far,여동생이,이,편지를 썼다,썼다,True,
1,396,plainS-honorificV,여동생이 어제 저녁에 혼자서 노래를 부르셨다.,far,여동생이,이,노래를 부르셨다,부르셨다,False,
1,396,plainS-plainV,여동생이 어제 저녁에 혼자서 노래를 불렀다.,far,여동생이,이,노래를 불렀다,불렀다,True,
1,397,plainS-honorificV,여동생이 어제 저녁에 혼자서 티비를 보셨다.,far,여동생이,이,티비를 보셨다,보셨다,False,
1,397,plainS-plainV,여동생이 어제 저녁에 혼자서 티비를 봤다.,far,여동생이,이,티비를 봤다,봤다,True,
1,398,plainS-honorificV,여동생이 어제 저녁에 혼자서 산책을 하셨다.,far,여동생이,이,산책을 하셨다,하셨다,False,
1,398,plainS-plainV,여동생이 어제 저녁에 혼자서 산책을 했다.,far,여동생이,이,산책을 했다,했다,True,
1,399,plainS-honorificV,여동생이 어제 저녁에 혼자서 정원을 가꾸셨다.,far,여동생이,이,정원을 가꾸셨다,가꾸셨다,False,
1,399,plainS-plainV,여동생이 어제 저녁에 혼자서 정원을 가꿨다.,far,여동생이,이,정원을 가꿨다,가꿨다,True,
1,400,plainS-honorificV,여동생이 어제 저녁에 혼자서 빨래를 널으셨다.,far,여동생이,이,빨래를 널으셨다,널으셨다,False,
1,400,plainS-plainV,여동생이 어제 저녁에 혼자서 빨래를 널었다.,far,여동생이,이,빨래를 널었다,널었다,True,
2,1,no_honorific,어제 저녁에 혼자서 선생님이 책을 읽었다.,close,선생님이,이,책을 읽었다,읽었다,True,True
2,1,verb_only,어제 저녁에 혼자서 선생님이 책을 읽으셨다.,close,선생님이,이,책을 읽으셨다,읽으셨다,False,True
2,1,noun_only,어제 저녁에 혼자서 선생님께서 책을 읽었다.,close,선생님께서,께서,책을 읽었다,읽었다,False,False
2,1,all_honorific,어제 저녁에 혼자서 선생님께서 책을 읽으셨다.,close,선생님께서,께서,책을 읽으셨다,읽으셨다,True,True
2,2,no_honorific,어제 저녁에 혼자서 선생님이 파스타를 먹었다.,close,선생님이,이,파스타를 먹었다,먹었다,True,True
2,2,verb_only,어제 저녁에 혼자서 선생님이 파스타를 드셨다.,close,선생님이,이,파스타를 드셨다,드셨다,False,True
2,2,noun_only,어제 저녁에 혼자서 선생님께서 파스타를 먹었다.,close,선생님께서,께서,파스타를 먹었다,먹었다,False,False
2,2,all_honorific,어제 저녁에 혼자서 선생님께서 파스타를 드셨다.,close,선생님께서,께서,파스타를 드셨다,드셨다,True,True
2,3,no_honorific,어제 저녁에 혼자서 선생님이 호통을 쳤다.,close,선생님이,이,호통을 쳤다,쳤다,True,True
2,3,verb_only,어제 저녁에 혼자서 선생님이 호통을 치셨다.,close,선생님이,이,호통을 치셨다,치셨다,False,True
2,3,noun_only,어제 저녁에 혼자서 선생님께서 호통을 쳤다.,close,선생님께서,께서,호통을 쳤다,쳤다,False,False
2,3,all_honorific,어제 저녁에 혼자서 선생님께서 호통을 치셨다.,close,선생님께서,께서,호통을 치셨다,치셨다,True,True
2,4,no_honorific,어제 저녁에 혼자서 선생님이 핸드폰을 샀다.,close,선생님이,이,핸드폰을 샀다,샀다,True,True
2,4,verb_only,어제 저녁에 혼자서 선생님이 핸드폰을 사셨다.,close,선생님이,이,핸드폰을 사셨다,사셨다,False,True
2,4,noun_only,어제 저녁에 혼자서 선생님께서 핸드폰을 샀다.,close,선생님께서,께서,핸드폰을 샀다,샀다,False,False
2,4,all_honorific,어제 저녁에 혼자서 선생님께서 핸드폰을 사셨다.,close,선생님께서,께서,핸드폰을 사셨다,사셨다,True,True
2,5,no_honorific,어제 저녁에 혼자서 선생님이 편지를 썼다.,close,선생님이,이,편지를 썼다,썼다,True,True
2,5,verb_only,어제 저녁에 혼자서 선생님이 편지를 쓰셨다.,close,선생님이,이,편지를 쓰셨다,쓰셨다,False,True
2,5,noun_only,어제 저녁에 혼자서 선생님께서 편지를 썼다.,close,선생님께서,께서,편지를 썼다,썼다,False,False
2,5,all_honorific,어제 저녁에 혼자서 선생님께서 편지를 쓰셨다.,close,선생님께서,께서,편지를 쓰셨다,쓰셨다,True,True
2,6,no_honorific,어제 저녁에 혼자서 선생님이 노래를 불렀다.,close,선생님이,이,노래를 불렀다,불렀다,True,True
2,6,verb_only,어제 저녁에 혼자서 선생님이 노래를 부르셨다.,close,선생님이,이,노래를 부르셨다,부르셨다,False,True
2,6,noun_only,어제 저녁에 혼자서 선생님께서 노래를 불렀다.,close,선생님께서,께서,노래를 불렀다,불렀다,False,False
2,6,all_honorific,어제 저녁에 혼자서 선생님께서 노래를 부르셨다.,close,선생님께서,께서,노래를 부르셨다,부르셨다,True,True
2,7,no_honorific,어제 저녁에 혼자서 선생님이 티비를 봤다.,close,선생님이,이,티비를 봤다,봤다,True,True
2,7,verb_only,어제 저녁에 혼자서 선생님이 티비를 보셨다.,close,선생님이,이,티비를 보셨다,보셨다,False,True
2,7,noun_only,어제 저녁에 혼자서 선생님께서 티비를 봤다.,close,선생님께서,께서,티비를 봤다,봤다,False,False
2,7,all_honorific,어제 저녁에 혼자서 선생님께서 티비를 보셨다.,close,선생님께서,께서,티비를 보셨다,보셨다,True,True
2,8,no_honorific,어제 저녁에 혼자서 선생님이 산책을 했다.,close,선생님이,이,산책을 했다,했다,True,True
2,8,verb_only,어제 저녁에 혼자서 선생님이 산책을 하셨다.,close,선생님이,이,산책을 하셨다,하셨다,False,True
2,8,noun_only,어제 저녁에 혼자서 선생님께서 산책을 했다.,close,선생님께서,께서,산책을 했다,했다,False,False
2,8,all_honorific,어제 저녁에 혼자서 선생님께서 산책을 하셨다.,close,선생님께서,께서,산책을 하셨다,하셨다,True,True
2,9,no_honorific,어제 저녁에 혼자서 선생님이 정원을 가꿨다.,close,선생님이,이,정원을 가꿨다,가꿨다,True,True
2,9,verb_only,어제 저녁에 혼자서 선생님이 정원을 가꾸셨다.,close,선생님이,이,정원을 가꾸셨다,가꾸셨다,False,True
2,9,noun_only,어제 저녁에 혼자서 선생님께서 정원을 가꿨다.,close,선생님께서,께서,정원을 가꿨다,가꿨다,False,False
2,9,all_honorific,어제 저녁에 혼자서 선생님께서 정원을 가꾸셨다.,close,선생님께서,께서,정원을 가꾸셨다,가꾸셨다,True,True
2,10,no_honorific,어제 저녁에 혼자서 선생님이 빨래를 널었다.,close,선생님이,이,빨래를 널었다,널었다,True,True
2,10,verb_only,어제 저녁에 혼자서 선생님이 빨래를 널으셨다.,close,선생님이,이,빨래를 널으셨다,널으셨다,False,True
2,10,noun_only,어제 저녁에 혼자서 선생님께서 빨래를 널었다.,close,선생님께서,께서,빨래를 널었다,널었다,False,False
2,10,all_honorific,어제 저녁에 혼자서 선생님께서 빨래를 널으셨다.,close,선생님께서,께서,빨래를 널으셨다,널으셨다,True,True
2,11,no_honorific,어제 저녁에 혼자서 교수님이 책을 읽었다.,close,교수님이,이,책을 읽었다,읽었다,True,True
2,11,verb_only,어제 저녁에 혼자서 교수님이 책을 읽으셨다.,close,교수님이,이,책을 읽으셨다,읽으셨다,False,True
2,11,noun_only,어제 저녁에 혼자서 교수님께서 책을 읽었다.,close,교수님께서,께서,책을 읽었다,읽었다,False,False
2,11,all_honorific,어제 저녁에 혼자서 교수님께서 책을 읽으셨다.,close,교수님께서,께서,책을 읽으셨다,읽으셨다,True,True
2,12,no_honorific,어제 저녁에 혼자서 교수님이 파스타를 먹었다.,close,교수님이,이,파스타를 먹었다,먹었다,True,True
2,12,verb_only,어제 저녁에 혼자서 교수님이 파스타를 드셨다.,close,교수님이,이,파스타를 드셨다,드셨다,False,True
2,12,noun_only,어제 저녁에 혼자서 교수님께서 파스타를 먹었다.,close,교수님께서,께서,파스타를 먹었다,먹었다,False,False
2,12,all_honorific,어제 저녁에 혼자서 교수님께서 파스타를 드셨다.,close,교수님께서,께서,파스타를 드셨다,드셨다,True,True
2,13,no_honorific,어제 저녁에 혼자서 교수님이 호통을 쳤다.,close,교수님이,이,호통을 쳤다,쳤다,True,True
2,13,verb_only,어제 저녁에 혼자서 교수님이 호통을 치셨다.,close,교수님이,이,호통을 치셨다,치셨다,False,True
2,13,noun_only,어제 저녁에 혼자서 교수님께서 호통을 쳤다.,close,교수님께서,께서,호통을 쳤다,쳤다,False,False
2,13,all_honorific,어제 저녁에 혼자서 교수님께서 호통을 치셨다.,close,교수님께서,께서,호통을 치셨다,치셨다,True,True
2,14,no_honorific,어제 저녁에 혼자서 교수님이 핸드폰을 샀다.,close,교수님이,이,핸드폰을 샀다,샀다,True,True
2,14,verb_only,어제 저녁에 혼자서 교수님이 핸드폰을 사셨다.,close,교수님이,이,핸드폰을 사셨다,사셨다,False,True
2,14,noun_only,어제 저녁에 혼자서 교수님께서 핸드폰을 샀다.,close,교수님께서,께서,핸드폰을 샀다,샀다,False,False
2,14,all_honorific,어제 저녁에 혼자서 교수님께서 핸드폰을 사셨다.,close,교수님께서,께서,핸드폰을 사셨다,사셨다,True,True
2,15,no_honorific,어제 저녁에 혼자서 교수님이 편지를 썼다.,close,교수님이,이,편지를 썼다,썼다,True,True
2,15,verb_only,어제 저녁에 혼자서 교수님이 편지를 쓰셨다.,close,교수님이,이,편지를 쓰셨다,쓰셨다,False,True
2,15,noun_only,어제 저녁에 혼자서 교수님께서 편지를 썼다.,close,교수님께서,께서,편지를 썼다,썼다,False,False
2,15,all_honorific,어제 저녁에 혼자서 교수님께서 편지를 쓰셨다.,close,교수님께서,께서,편지를 쓰셨다,쓰셨다,True,True
2,16,no_honorific,어제 저녁에 혼자서 교수님이 노래를 불렀다.,close,교수님이,이,노래를 불렀다,불렀다,True,True
2,16,verb_only,어제 저녁에 혼자서 교수님이 노래를 부르셨다.,close,교수님이,이,노래를 부르셨다,부르셨다,False,True
2,16,noun_only,어제 저녁에 혼자서 교수님께서 노래를 불렀다.,close,교수님께서,께서,노래를 불렀다,불렀다,False,False
2,16,all_honorific,어제 저녁에 혼자서 교수님께서 노래를 부르셨다.,close,교수님께서,께서,노래를 부르셨다,부르셨다,True,True
2,17,no_honorific,어제 저녁에 혼자서 교수님이 티비를 봤다.,close,교수님이,이,티비를 봤다,봤다,True,True
2,17,verb_only,어제 저녁에 혼자서 교수님이 티비를 보셨다.,close,교수님이,이,티비를 보셨다,보셨다,False,True
2,17,noun_only,어제 저녁에 혼자서 교수님께서 티비를 봤다.,close,교수님께서,께서,티비를 봤다,봤다,False,False
2,17,all_honorific,어제 저녁에 혼자서 교수님께서 티비를 보셨다.,close,교수님께서,께서,티비를 보셨다,보셨다,True,True
2,18,no_honorific,어제 저녁에 혼자서 교수님이 산책을 했다.,close,교수님이,이,산책을 했다,했다,True,True
2,18,verb_only,어제 저녁에 혼자서 교수님이 산책을 하셨다.,close,교수님이,이,산책을 하셨다,하셨다,False,True
2,18,noun_only,어제 저녁에 혼자서 교수님께서 산책을 했다.,close,교수님께서,께서,산책을 했다,했다,False,False
2,18,all_honorific,어제 저녁에 혼자서 교수님께서 산책을 하셨다.,close,교수님께서,께서,산책을 하셨다,하셨다,True,True
2,19,no_honorific,어제 저녁에 혼자서 교수님이 정원을 가꿨다.,close,교수님이,이,정원을 가꿨다,가꿨다,True,True
2,19,verb_only,어제 저녁에 혼자서 교수님이 정원을 가꾸셨다.,close,교수님이,이,정원을 가꾸셨다,가꾸셨다,False,True
2,19,noun_only,어제 저녁에 혼자서 교수님께서 정원을 가꿨다.,close,교수님께서,께서,정원을 가꿨다,가꿨다,False,False
2,19,all_honorific,어제 저녁에 혼자서 교수님께서 정원을 가꾸셨다.,close,교수님께서,께서,정원을 가꾸셨다,가꾸셨다,True,True
2,20,no_honorific,어제 저녁에 혼자서 교수님이 빨래를 널었다.,close,교수님이,이,빨래를 널었다,널었다,True,True
2,20,verb_only,어제 저녁에 혼자서 교수님이 빨래를 널으셨다.,close,교수님이,이,빨래를 널으셨다,널으셨다,False,True
2,20,noun_only,어제 저녁에 혼자서 교수님께서 빨래를 널었다.,close,교수님께서,께서,빨래를 널었다,널었다,False,False
2,20,all_honorific,어제 저녁에 혼자서 교수님께서 빨래를 널으셨다.,close,교수님께서,께서,빨래를 널으셨다,널으셨다,True,True
2,21,no_honorific,어제 저녁에 혼자서 어머니가 책을 읽었다.,close,어머니가,가,책을 읽었다,읽었다,True,True
2,21,verb_only,어제 저녁에 혼자서 어머니가 책을 읽으셨다.,close,어머니가,가,책을 읽으셨다,읽으셨다,False,True
2,21,noun_only,어제 저녁에 혼자서 어머니께서 책을 읽었다.,close,어머니께서,께서,책을 읽었다,읽었다,False,False
2,21,all_honorific,어제 저녁에 혼자서 어머니께서 책을 읽으셨다.,close,어머니께서,께서,책을 읽으셨다,읽으셨다,True,True
2,22,no_honorific,어제 저녁에 혼자서 어머니가 파스타를 먹었다.,close,어머니가,가,파스타를 먹었다,먹었다,True,True
2,22,verb_only,어제 저녁에 혼자서 어머니가 파스타를 드셨다.,close,어머니가,가,파스타를 드셨다,드셨다,False,True
2,22,noun_only,어제 저녁에 혼자서 어머니께서 파스타를 먹었다.,close,어머니께서,께서,파스타를 먹었다,먹었다,False,False
2,22,all_honorific,어제 저녁에 혼자서 어머니께서 파스타를 드셨다.,close,어머니께서,께서,파스타를 드셨다,드셨다,True,True
2,23,no_honorific,어제 저녁에 혼자서 어머니가 호통을 쳤다.,close,어머니가,가,호통을 쳤다,쳤다,True,True
2,23,verb_only,어제 저녁에 혼자서 어머니가 호통을 치셨다.,close,어머니가,가,호통을 치셨다,치셨다,False,True
2,23,noun_only,어제 저녁에 혼자서 어머니께서 호통을 쳤다.,close,어머니께서,께서,호통을 쳤다,쳤다,False,False
2,23,all_honorific,어제 저녁에 혼자서 어머니께서 호통을 치셨다.,close,어머니께서,께서,호통을 치셨다,치셨다,True,True
2,24,no_honorific,어제 저녁에 혼자서 어머니가 핸드폰을 샀다.,close,어머니가,가,핸드폰을 샀다,샀다,True,True
2,24,verb_only,어제 저녁에 혼자서 어머니가 핸드폰을 사셨다.,close,어머니가,가,핸드폰을 사셨다,사셨다,False,True
2,24,noun_only,어제 저녁에 혼자서 어머니께서 핸드폰을 샀다.,close,어머니께서,께서,핸드폰을 샀다,샀다,False,False
2,24,all_honorific,어제 저녁에 혼자서 어머니께서 핸드폰을 사셨다.,close,어머니께서,께서,핸드폰을 사셨다,사셨다,True,True
2,25,no_honorific,어제 저녁에 혼자서 어머니가 편지를 썼다.,close,어머니가,가,편지를 썼다,썼다,True,True
2,25,verb_only,어제 저녁에 혼자서 어머니가 편지를 쓰셨다.,close,어머니가,가,편지를 쓰셨다,쓰셨다,False,True
2,25,noun_only,어제 저녁에 혼자서 어머니께서 편지를 썼다.,close,어머니께서,께서,편지를 썼다,썼다,False,False
2,25,all_honorific,어제 저녁에 혼자서 어머니께서 편지를 쓰셨다.,close,어머니께서,께서,편지를 쓰셨다,쓰셨다,True,True
2,26,no_honorific,어제 저녁에 혼자서 어머니가 노래를 불렀다.,close,어머니가,가,노래를 불렀다,불렀다,True,True
2,26,verb_only,어제 저녁에 혼자서 어머니가 노래를 부르셨다.,close,어머니가,가,노래를 부르셨다,부르셨다,False,True
2,26,noun_only,어제 저녁에 혼자서 어머니께서 노래를 불렀다.,close,어머니께서,께서,노래를 불렀다,불렀다,False,False
2,26,all_honorific,어제 저녁에 혼자서 어머니께서 노래를 부르셨다.,close,어머니께서,께서,노래를 부르셨다,부르셨다,True,True
2,27,no_honorific,어제 저녁에 혼자서 어머니가 티비를 봤다.,close,어머니가,가,티비를 봤다,봤다,True,True
2,27,verb_only,어제 저녁에 혼자서 어머니가 티비를 보셨다.,close,어머니가,가,티비를 보셨다,보셨다,False,True
2,27,noun_only,어제 저녁에 혼자서 어머니께서 티비를 봤다.,close,어머니께서,께서,티비를 봤다,봤다,False,False
2,27,all_honorific,어제 저녁에 혼자서 어머니께서 티비를 보셨다.,close,어머니께서,께서,티비를 보셨다,보셨다,True,True
2,28,no_honorific,어제 저녁에 혼자서 어머니가 산책을 했다.,close,어머니가,가,산책을 했다,했다,True,True
2,28,verb_only,어제 저녁에 혼자서 어머니가 산책을 하셨다.,close,어머니가,가,산책을 하셨다,하셨다,False,True
2,28,noun_only,어제 저녁에 혼자서 어머니께서 산책을 했다.,close,어머니께서,께서,산책을 했다,했다,False,False
2,28,all_honorific,어제 저녁에 혼자서 어머니께서 산책을 하셨다.,close,어머니께서,께서,산책을 하셨다,하셨다,True,True
2,29,no_honorific,어제 저녁에 혼자서 어머니가 정원을 가꿨다.,close,어머니가,가,정원을 가꿨다,가꿨다,True,True
2,29,verb_only,어제 저녁에 혼자서 어머니가 정원을 가꾸셨다.,close,어머니가,가,정원을 가꾸셨다,가꾸셨다,False,True
2,29,noun_only,어제 저녁에 혼자서 어머니께서 정원을 가꿨다.,close,어머니께서,께서,정원을 가꿨다,가꿨다,False,False
2,29,all_honorific,어제 저녁에 혼자서 어머니께서 정원을 가꾸셨다.,close,어머니께서,께서,정원을 가꾸셨다,가꾸셨다,True,True
2,30,no_honorific,어제 저녁에 혼자서 어머니가 빨래를 널었다.,close,어머니가,가,빨래를 널었다,널었다,True,True
2,30,verb_only,어제 저녁에 혼자서 어머니가 빨래를 널으셨다.,close,어머니가,가,빨래를 널으셨다,널으셨다,False,True
2,30,noun_only,어제 저녁에 혼자서 어머니께서 빨래를 널었다.,close,어머니께서,께서,빨래를 널었다,널었다,False,False
2,30,all_honorific,어제 저녁에 혼자서 어머니께서 빨래를 널으셨다.,close,어머니께서,께서,빨래를 널으셨다,널으셨다,True,True
2,31,no_honorific,어제 저녁에 혼자서 아버지가 책을 읽었다.,close,아버지가,가,책을 읽었다,읽었다,True,True
2,31,verb_only,어제 저녁에 혼자서 아버지가 책을 읽으셨다.,close,아버지가,가,책을 읽으셨다,읽으셨다,False,True
2,31,noun_only,어제 저녁에 혼자서 아버지께서 책을 읽었다.,close,아버지께서,께서,책을 읽었다,읽었다,False,False
2,31,all_honorific,어제 저녁에 혼자서 아버지께서 책을 읽으셨다.,close,아버지께서,께서,책을 읽으셨다,읽으셨다,True,True
2,32,no_honorific,어제 저녁에 혼자서 아버지가 파스타를 먹었다.,close,아버지가,가,파스타를 먹었다,먹었다,True,True
2,32,verb_only,어제 저녁에 혼자서 아버지가 파스타를 드셨다.,close,아버지가,가,파스타를 드셨다,드셨다,False,True
2,32,noun_only,어제 저녁에 혼자서 아버지께서 파스타를 먹었다.,close,아버지께서,께서,파스타를 먹었다,먹었다,False,False
2,32,all_honorific,어제 저녁에 혼자서 아버지께서 파스타를 드셨다.,close,아버지께서,께서,파스타를 드셨다,드셨다,True,True
2,33,no_honorific,어제 저녁에 혼자서 아버지가 호통을 쳤다.,close,아버지가,가,호통을 쳤다,쳤다,True,True
2,33,verb_only,어제 저녁에 혼자서 아버지가 호통을 치셨다.,close,아버지가,가,호통을 치셨다,치셨다,False,True
2,33,noun_only,어제 저녁에 혼자서 아버지께서 호통을 쳤다.,close,아버지께서,께서,호통을 쳤다,쳤다,False,False
2,33,all_honorific,어제 저녁에 혼자서 아버지께서 호통을 치셨다.,close,아버지께서,께서,호통을 치셨다,치셨다,True,True
2,34,no_honorific,어제 저녁에 혼자서 아버지가 핸드폰을 샀다.,close,아버지가,가,핸드폰을 샀다,샀다,True,True
2,34,verb_only,어제 저녁에 혼자서 아버지가 핸드폰을 사셨다.,close,아버지가,가,핸드폰을 사셨다,사셨다,False,True
2,34,noun_only,어제 저녁에 혼자서 아버지께서 핸드폰을 샀다.,close,아버지께서,께서,핸드폰을 샀다,샀다,False,False
2,34,all_honorific,어제 저녁에 혼자서 아버지께서 핸드폰을 사셨다.,close,아버지께서,께서,핸드폰을 사셨다,사셨다,True,True
2,35,no_honorific,어제 저녁에 혼자서 아버지가 편지를 썼다.,close,아버지가,가,편지를 썼다,썼다,True,True
2,35,verb_only,어제 저녁에 혼자서 아버지가 편지를 쓰셨다.,close,아버지가,가,편지를 쓰셨다,쓰셨다,False,True
2,35,noun_only,어제 저녁에 혼자서 아버지께서 편지를 썼다.,close,아버지께서,께서,편지를 썼다,썼다,False,False
2,35,all_honorific,어제 저녁에 혼자서 아버지께서 편지를 쓰셨다.,close,아버지께서,께서,편지를 쓰셨다,쓰셨다,True,True
2,36,no_honorific,어제 저녁에 혼자서 아버지가 노래를 불렀다.,close,아버지가,가,노래를 불렀다,불렀다,True,True
2,36,verb_only,어제 저녁에 혼자서 아버지가 노래를 부르셨다.,close,아버지가,가,노래를 부르셨다,부르셨다,False,True
2,36,noun_only,어제 저녁에 혼자서 아버지께서 노래를 불렀다.,close,아버지께서,께서,노래를 불렀다,불렀다,False,False
2,36,all_honorific,어제 저녁에 혼자서 아버지께서 노래를 부르셨다.,close,아버지께서,께서,노래를 부르셨다,부르셨다,True,True
2,37,no_honorific,어제 저녁에 혼자서 아버지가 티비를 봤다.,close,아버지가,가,티비를 봤다,봤다,True,True
2,37,verb_only,어제 저녁에 혼자서 아버지가 티비를 보셨다.,close,아버지가,가,티비를 보셨다,보셨다,False,True
2,37,noun_only,어제 저녁에 혼자서 아버지께서 티비를 봤다.,close,아버지께서,께서,티비를 봤다,봤다,False,False
2,37,all_honorific,어제 저녁에 혼자서 아버지께서 티비를 보셨다.,close,아버지께서,께서,티비를 보셨다,보셨다,True,True
2,38,no_honorific,어제 저녁에 혼자서 아버지가 산책을 했다.,close,아버지가,가,산책을 했다,했다,True,True
2,38,verb_only,어제 저녁에 혼자서 아버지가 산책을 하셨다.,close,아버지가,가,산책을 하셨다,하셨다,False,True
2,38,noun_only,어제 저녁에 혼자서 아버지께서 산책을 했다.,close,아버지께서,께서,산책을 했다,했다,False,False
2,38,all_honorific,어제 저녁에 혼자서 아버지께서 산책을 하셨다.,close,아버지께서,께서,산책을 하셨다,하셨다,True,True
2,39,no_honorific,어제 저녁에 혼자서 아버지가 정원을 가꿨다.,close,아버지가,가,정원을 가꿨다,가꿨다,True,True
2,39,verb_only,어제 저녁에 혼자서 아버지가 정원을 가꾸셨다.,close,아버지가,가,정원을 가꾸셨다,가꾸셨다,False,True
2,39,noun_only,어제 저녁에 혼자서 아버지께서 정원을 가꿨다.,close,아버지께서,께서,정원을 가꿨다,가꿨다,False,False
2,39,all_honorific,어제 저녁에 혼자서 아버지께서 정원을 가꾸셨다.,close,아버지께서,께서,정원을 가꾸셨다,가꾸셨다,True,True
2,40,no_honorific,어제 저녁에 혼자서 아버지가 빨래를 널었다.,close,아버지가,가,빨래를 널었다,널었다,True,True
2,40,verb_only,어제 저녁에 혼자서 아버지가 빨래를 널으셨다.,close,아버지가,가,빨래를 널으셨다,널으셨다,False,True
2,40,noun_only,어제 저녁에 혼자서 아버지께서 빨래를 널었다.,close,아버지께서,께서,빨래를 널었다,널었다,False,False
2,40,all_honorific,어제 저녁에 혼자서 아버지께서 빨래를 널으셨다.,close,아버지께서,께서,빨래를 널으셨다,널으셨다,True,True
2,41,no_honorific,어제 저녁에 혼자서 할머니가 책을 읽었다.,close,할머니가,가,책을 읽었다,읽었다,True,True
2,41,verb_only,어제 저녁에 혼자서 할머니가 책을 읽으셨다.,close,할머니가,가,책을 읽으셨다,읽으셨다,False,True
2,41,noun_only,어제 저녁에 혼자서 할머니께서 책을 읽었다.,close,할머니께서,께서,책을 읽었다,읽었다,False,False
2,41,all_honorific,어제 저녁에 혼자서 할머니께서 책을 읽으셨다.,close,할머니께서,께서,책을 읽으셨다,읽으셨다,True,True
2,42,no_honorific,어제 저녁에 혼자서 할머니가 파스타를 먹었다.,close,할머니가,가,파스타를 먹었다,먹었다,True,True
2,42,verb_only,어제 저녁에 혼자서 할머니가 파스타를 드셨다.,close,할머니가,가,파스타를 드셨다,드셨다,False,True
2,42,noun_only,어제 저녁에 혼자서 할머니께서 파스타를 먹었다.,close,할머니께서,께서,파스타를 먹었다,먹었다,False,False
2,42,all_honorific,어제 저녁에 혼자서 할머니께서 파스타를 드셨다.,close,할머니께서,께서,파스타를 드셨다,드셨다,True,True
2,43,no_honorific,어제 저녁에 혼자서 할머니가 호통을 쳤다.,close,할머니가,가,호통을 쳤다,쳤다,True,True
2,43,verb_only,어제 저녁에 혼자서 할머니가 호통을 치셨다.,close,할머니가,가,호통을 치셨다,치셨다,False,True
2,43,noun_only,어제 저녁에 혼자서 할머니께서 호통을 쳤다.,close,할머니께서,께서,호통을 쳤다,쳤다,False,False
2,43,all_honorific,어제 저녁에 혼자서 할머니께서 호통을 치셨다.,close,할머니께서,께서,호통을 치셨다,치셨다,True,True
2,44,no_honorific,어제 저녁에 혼자서 할머니가 핸드폰을 샀다.,close,할머니가,가,핸드폰을 샀다,샀다,True,True
2,44,verb_only,어제 저녁에 혼자서 할머니가 핸드폰을 사셨다.,close,할머니가,가,핸드폰을 사셨다,사셨다,False,True
2,44,noun_only,어제 저녁에 혼자서 할머니께서 핸드폰을 샀다.,close,할머니께서,께서,핸드폰을 샀다,샀다,False,False
2,44,all_honorific,어제 저녁에 혼자서 할머니께서 핸드폰을 사셨다.,close,할머니께서,께서,핸드폰을 사셨다,사셨다,True,True
2,45,no_honorific,어제 저녁에 혼자서 할머니가 편지를 썼다.,close,할머니가,가,편지를 썼다,썼다,True,True
2,45,verb_only,어제 저녁에 혼자서 할머니가 편지를 쓰셨다.,close,할머니가,가,편지를 쓰셨다,쓰셨다,False,True
2,45,noun_only,어제 저녁에 혼자서 할머니께서 편지를 썼다.,close,할머니께서,께서,편지를 썼다,썼다,False,False
2,45,all_honorific,어제 저녁에 혼자서 할머니께서 편지를 쓰셨다.,close,할머니께서,께서,편지를 쓰셨다,쓰셨다,True,True
2,46,no_honorific,어제 저녁에 혼자서 할머니가 노래를 불렀다.,close,할머니가,가,노래를 불렀다,불렀다,True,True
2,46,verb_only,어제 저녁에 혼자서 할머니가 노래를 부르셨다.,close,할머니가,가,노래를 부르셨다,부르셨다,False,True
2,46,noun_only,어제 저녁에 혼자서 할머니께서 노래를 불렀다.,close,할머니께서,께서,노래를 불렀다,불렀다,False,False
2,46,all_honorific,어제 저녁에 혼자서 할머니께서 노래를 부르셨다.,close,할머니께서,께서,노래를 부르셨다,부르셨다,True,True
2,47,no_honorific,어제 저녁에 혼자서 할머니가 티비를 봤다.,close,할머니가,가,티비를 봤다,봤다,True,True
2,47,verb_only,어제 저녁에 혼자서 할머니가 티비를 보셨다.,close,할머니가,가,티비를 보셨다,보셨다,False,True
2,47,noun_only,어제 저녁에 혼자서 할머니께서 티비를 봤다.,close,할머니께서,께서,티비를 봤다,봤다,False,False
2,47,all_honorific,어제 저녁에 혼자서 할머니께서 티비를 보셨다.,close,할머니께서,께서,티비를 보셨다,보셨다,True,True
2,48,no_honorific,어제 저녁에 혼자서 할머니가 산책을 했다.,close,할머니가,가,산책을 했다,했다,True,True
2,48,verb_only,어제 저녁에 혼자서 할머니가 산책을 하셨다.,close,할머니가,가,산책을 하셨다,하셨다,False,True
2,48,noun_only,어제 저녁에 혼자서 할머니께서 산책을 했다.,close,할머니께서,께서,산책을 했다,했다,False,False
2,48,all_honorific,어제 저녁에 혼자서 할머니께서 산책을 하셨다.,close,할머니께서,께서,산책을 하셨다,하셨다,True,True
2,49,no_honorific,어제 저녁에 혼자서 할머니가 정원을 가꿨다.,close,할머니가,가,정원을 가꿨다,가꿨다,True,True
2,49,verb_only,어제 저녁에 혼자서 할머니가 정원을 가꾸셨다.,close,할머니가,가,정원을 가꾸셨다,가꾸셨다,False,True
2,49,noun_only,어제 저녁에 혼자서 할머니께서 정원을 가꿨다.,close,할머니께서,께서,정원을 가꿨다,가꿨다,False,False
2,49,all_honorific,어제 저녁에 혼자서 할머니께서 정원을 가꾸셨다.,close,할머니께서,께서,정원을 가꾸셨다,가꾸셨다,True,True
2,50,no_honorific,어제 저녁에 혼자서 할머니가 빨래를 널었다.,close,할머니가,가,빨래를 널었다,널었다,True,True
2,50,verb_only,어제 저녁에 혼자서 할머니가 빨래를 널으셨다.,close,할머니가,가,빨래를 널으셨다,널으셨다,False,True
2,50,noun_only,어제 저녁에 혼자서 할머니께서 빨래를 널었다.,close,할머니께서,께서,빨래를 널었다,널었다,False,False
2,50,all_honorific,어제 저녁에 혼자서 할머니께서 빨래를 널으셨다.,close,할머니께서,께서,빨래를 널으셨다,널으셨다,True,True
2,51,no_honorific,어제 저녁에 혼자서 할아버지가 책을 읽었다.,close,할아버지가,가,책을 읽었다,읽었다,True,True
2,51,verb_only,어제 저녁에 혼자서 할아버지가 책을 읽으셨다.,close,할아버지가,가,책을 읽으셨다,읽으셨다,False,True
2,51,noun_only,어제 저녁에 혼자서 할아버지께서 책을 읽었다.,close,할아버지께서,께서,책을 읽었다,읽었다,False,False
2,51,all_honorific,어제 저녁에 혼자서 할아버지께서 책을 읽으셨다.,close,할아버지께서,께서,책을 읽으셨다,읽으셨다,True,True
2,52,no_honorific,어제 저녁에 혼자서 할아버지가 파스타를 먹었다.,close,할아버지가,가,파스타를 먹었다,먹었다,True,True
2,52,verb_only,어제 저녁에 혼자서 할아버지가 파스타를 드셨다.,close,할아버지가,가,파스타를 드셨다,드셨다,False,True
2,52,noun_only,어제 저녁에 혼자서 할아버지께서 파스타를 먹었다.,close,할아버지께서,께서,파스타를 먹었다,먹었다,False,False
2,52,all_honorific,어제 저녁에 혼자서 할아버지께서 파스타를 드셨다.,close,할아버지께서,께서,파스타를 드셨다,드셨다,True,True
2,53,no_honorific,어제 저녁에 혼자서 할아버지가 호통을 쳤다.,close,할아버지가,가,호통을 쳤다,쳤다,True,True
2,53,verb_only,어제 저녁에 혼자서 할아버지가 호통을 치셨다.,close,할아버지가,가,호통을 치셨다,치셨다,False,True
2,53,noun_only,어제 저녁에 혼자서 할아버지께서 호통을 쳤다.,close,할아버지께서,께서,호통을 쳤다,쳤다,False,False
2,53,all_honorific,어제 저녁에 혼자서 할아버지께서 호통을 치셨다.,close,할아버지께서,께서,호통을 치셨다,치셨다,True,True
2,54,no_honorific,어제 저녁에 혼자서 할아버지가 핸드폰을 샀다.,close,할아버지가,가,핸드폰을 샀다,샀다,True,True
2,54,verb_only,어제 저녁에 혼자서 할아버지가 핸드폰을 사셨다.,close,할아버지가,가,핸드폰을 사셨다,사셨다,False,True
2,54,noun_only,어제 저녁에 혼자서 할아버지께서 핸드폰을 샀다.,close,할아버지께서,께서,핸드폰을 샀다,샀다,False,False
2,54,all_honorific,어제 저녁에 혼자서 할아버지께서 핸드폰을 사셨다.,close,할아버지께서,께서,핸드폰을 사셨다,사셨다,True,True
2,55,no_honorific,어제 저녁에 혼자서 할아버지가 편지를 썼다.,close,할아버지가,가,편지를 썼다,썼다,True,True
2,55,verb_only,어제 저녁에 혼자서 할아버지가 편지를 쓰셨다.,close,할아버지가,가,편지를 쓰셨다,쓰셨다,False,True
2,55,noun_only,어제 저녁에 혼자서 할아버지께서 편지를 썼다.,close,할아버지께서,께서,편지를 썼다,썼다,False,False
2,55,all_honorific,어제 저녁에 혼자서 할아버지께서 편지를 쓰셨다.,close,할아버지께서,께서,편지를 쓰셨다,쓰셨다,True,True
2,56,no_honorific,어제 저녁에 혼자서 할아버지가 노래를 불렀다.,close,할아버지가,가,노래를 불렀다,불렀다,True,True
2,56,verb_only,어제 저녁에 혼자서 할아버지가 노래를 부르셨다.,close,할아버지가,가,노래를 부르셨다,부르셨다,False,True
2,56,noun_only,어제 저녁에 혼자서 할아버지께서 노래를 불렀다.,close,할아버지께서,께서,노래를 불렀다,불렀다,False,False
2,56,all_honorific,어제 저녁에 혼자서 할아버지께서 노래를 부르셨다.,close,할아버지께서,께서,노래를 부르셨다,부르셨다,True,True
2,57,no_honorific,어제 저녁에 혼자서 할아버지가 티비를 봤다.,close,할아버지가,가,티비를 봤다,봤다,True,True
2,57,verb_only,어제 저녁에 혼자서 할아버지가 티비를 보셨다.,close,할아버지가,가,티비를 보셨다,보셨다,False,True
2,57,noun_only,어제 저녁에 혼자서 할아버지께서 티비를 봤다.,close,할아버지께서,께서,티비를 봤다,봤다,False,False
2,57,all_honorific,어제 저녁에 혼자서 할아버지께서 티비를 보셨다.,close,할아버지께서,께서,티비를 보셨다,보셨다,True,True
2,58,no_honorific,어제 저녁에 혼자서 할아버지가 산책을 했다.,close,할아버지가,가,산책을 했다,했다,True,True
2,58,verb_only,어제 저녁에 혼자서 할아버지가 산책을 하셨다.,close,할아버지가,가,산책을 하셨다,하셨다,False,True
2,58,noun_only,어제 저녁에 혼자서 할아버지께서 산책을 했다.,close,할아버지께서,께서,산책을 했다,했다,False,False
2,58,all_honorific,어제 저녁에 혼자서 할아버지께서 산책을 하셨다.,close,할아버지께서,께서,산책을 하셨다,하셨다,True,True
2,59,no_honorific,어제 저녁에 혼자서 할아버지가 정원을 가꿨다.,close,할아버지가,가,정원을 가꿨다,가꿨다,True,True
2,59,verb_only,어제 저녁에 혼자서 할아버지가 정원을 가꾸셨다.,close,할아버지가,가,정원을 가꾸셨다,가꾸셨다,False,True
2,59,noun_only,어제 저녁에 혼자서 할아버지께서 정원을 가꿨다.,close,할아버지께서,께서,정원을 가꿨다,가꿨다,False,False
2,59,all_honorific,어제 저녁에 혼자서 할아버지께서 정원을 가꾸셨다.,close,할아버지께서,께서,정원을 가꾸셨다,가꾸셨다,True,True
2,60,no_honorific,어제 저녁에 혼자서 할아버지가 빨래를 널었다.,close,할아버지가,가,빨래를 널었다,널었다,True,True
2,60,verb_only,어제 저녁에 혼자서 할아버지가 빨래를 널으셨다.,close,할아버지가,가,빨래를 널으셨다,널으셨다,False,True
2,60,noun_only,어제 저녁에 혼자서 할아버지께서 빨래를 널었다.,close,할아버지께서,께서,빨래를 널었다,널었다,False,False
2,60,all_honorific,어제 저녁에 혼자서 할아버지께서 빨래를 널으셨다.,close,할아버지께서,께서,빨래를 널으셨다,널으셨다,True,True
2,61,no_honorific,어제 저녁에 혼자서 사장님이 책을 읽었다.,close,사장님이,이,책을 읽었다,읽었다,True,True
2,61,verb_only,어제 저녁에 혼자서 사장님이 책을 읽으셨다.,close,사장님이,이,책을 읽으셨다,읽으셨다,False,True
2,61,noun_only,어제 저녁에 혼자서 사장님께서 책을 읽었다.,close,사장님께서,께서,책을 읽었다,읽었다,False,False
2,61,all_honorific,어제 저녁에 혼자서 사장님께서 책을 읽으셨다.,close,사장님께서,께서,책을 읽으셨다,읽으셨다,True,True
2,62,no_honorific,어제 저녁에 혼자서 사장님이 파스타를 먹었다.,close,사장님이,이,파스타를 먹었다,먹었다,True,True
2,62,verb_only,어제 저녁에 혼자서 사장님이 파스타를 드셨다.,close,사장님이,이,파스타를 드셨다,드셨다,False,True
2,62,noun_only,어제 저녁에 혼자서 사장님께서 파스타를 먹었다.,close,사장님께서,께서,파스타를 먹었다,먹었다,False,False
2,62,all_honorific,어제 저녁에 혼자서 사장님께서 파스타를 드셨다.,close,사장님께서,께서,파스타를 드셨다,드셨다,True,True
2,63,no_honorific,어제 저녁에 혼자서 사장님이 호통을 쳤다.,close,사장님이,이,호통을 쳤다,쳤다,True,True
2,63,verb_only,어제 저녁에 혼자서 사장님이 호통을 치셨다.,close,사장님이,이,호통을 치셨다,치셨다,False,True
2,63,noun_only,어제 저녁에 혼자서 사장님께서 호통을 쳤다.,close,사장님께서,께서,호통을 쳤다,쳤다,False,False
2,63,all_honorific,어제 저녁에 혼자서 사장님께서 호통을 치셨다.,close,사장님께서,께서,호통을 치셨다,치셨다,True,True
2,64,no_honorific,어제 저녁에 혼자서 사장님이 핸드폰을 샀다.,close,사장님이,이,핸드폰을 샀다,샀다,True,True
2,64,verb_only,어제 저녁에 혼자서 사장님이 핸드폰을 사셨다.,close,사장님이,이,핸드폰을 사셨다,사셨다,False,True
2,64,noun_only,어제 저녁에 혼자서 사장님께서 핸드폰을 샀다.,close,사장님께서,께서,핸드폰을 샀다,샀다,False,False
2,64,all_honorific,어제 저녁에 혼자서 사장님께서 핸드폰을 사셨다.,close,사장님께서,께서,핸드폰을 사셨다,사셨다,True,True
2,65,no_honorific,어제 저녁에 혼자서 사장님이 편지를 썼다.,close,사장님이,이,편지를 썼다,썼다,True,True
2,65,verb_only,어제 저녁에 혼자서 사장님이 편지를 쓰셨다.,close,사장님이,이,편지를 쓰셨다,쓰셨다,False,True
2,65,noun_only,어제 저녁에 혼자서 사장님께서 편지를 썼다.,close,사장님께서,께서,편지를 썼다,썼다,False,False
2,65,all_honorific,어제 저녁에 혼자서 사장님께서 편지를 쓰셨다.,close,사장님께서,께서,편지를 쓰셨다,쓰셨다,True,True
2,66,no_honorific,어제 저녁에 혼자서 사장님이 노래를 불렀다.,close,사장님이,이,노래를 불렀다,불렀다,True,True
2,66,verb_only,어제 저녁에 혼자서 사장님이 노래를 부르셨다.,close,사장님이,이,노래를 부르셨다,부르셨다,False,True
2,66,noun_only,어제 저녁에 혼자서 사장님께서 노래를 불렀다.,close,사장님께서,께서,노래를 불렀다,불렀다,False,False
2,66,all_honorific,어제 저녁에 혼자서 사장님께서 노래를 부르셨다.,close,사장님께서,께서,노래를 부르셨다,부르셨다,True,True
2,67,no_honorific,어제 저녁에 혼자서 사장님이 티비를 봤다.,close,사장님이,이,티비를 봤다,봤다,True,True
2,67,verb_only,어제 저녁에 혼자서 사장님이 티비를 보셨다.,close,사장님이,이,티비를 보셨다,보셨다,False,True
2,67,noun_only,어제 저녁에 혼자서 사장님께서 티비를 봤다.,close,사장님께서,께서,티비를 봤다,봤다,False,False
2,67,all_honorific,어제 저녁에 혼자서 사장님께서 티비를 보셨다.,close,사장님께서,께서,티비를 보셨다,보셨다,True,True
2,68,no_honorific,어제 저녁에 혼자서 사장님이 산책을 했다.,close,사장님이,이,산책을 했다,했다,True,True
2,68,verb_only,어제 저녁에 혼자서 사장님이 산책을 하셨다.,close,사장님이,이,산책을 하셨다,하셨다,False,True
2,68,noun_only,어제 저녁에 혼자서 사장님께서 산책을 했다.,close,사장님께서,께서,산책을 했다,했다,False,False
2,68,all_honorific,어제 저녁에 혼자서 사장님께서 산책을 하셨다.,close,사장님께서,께서,산책을 하셨다,하셨다,True,True
2,69,no_honorific,어제 저녁에 혼자서 사장님이 정원을 가꿨다.,close,사장님이,이,정원을 가꿨다,가꿨다,True,True
2,69,verb_only,어제 저녁에 혼자서 사장님이 정원을 가꾸셨다.,close,사장님이,이,정원을 가꾸셨다,가꾸셨다,False,True
2,69,noun_only,어제 저녁에 혼자서 사장님께서 정원을 가꿨다.,close,사장님께서,께서,정원을 가꿨다,가꿨다,False,False
2,69,all_honorific,어제 저녁에 혼자서 사장님께서 정원을 가꾸셨다.,close,사장님께서,께서,정원을 가꾸셨다,가꾸셨다,True,True
2,70,no_honorific,어제 저녁에 혼자서 사장님이 빨래를 널었다.,close,사장님이,이,빨래를 널었다,널었다,True,True
2,70,verb_only,어제 저녁에 혼자서 사장님이 빨래를 널으셨다.,close,사장님이,이,빨래를 널으셨다,널으셨다,False,True
2,70,noun_only,어제 저녁에 혼자서 사장님께서 빨래를 널었다.,close,사장님께서,께서,빨래를 널었다,널었다,False,False
2,70,all_honorific,어제 저녁에 혼자서 사장님께서 빨래를 널으셨다.,close,사장님께서,께서,빨래를 널으셨다,널으셨다,True,True
2,71,no_honorific,어제 저녁에 혼자서 팀장님이 책을 읽었다.,close,팀장님이,이,책을 읽었다,읽었다,True,True
2,71,verb_only,어제 저녁에 혼자서 팀장님이 책을 읽으셨다.,close,팀장님이,이,책을 읽으셨다,읽으셨다,False,True
2,71,noun_only,어제 저녁에 혼자서 팀장님께서 책을 읽었다.,close,팀장님께서,께서,책을 읽었다,읽었다,False,False
2,71,all_honorific,어제 저녁에 혼자서 팀장님께서 책을 읽으셨다.,close,팀장님께서,께서,책을 읽으셨다,읽으셨다,True,True
2,72,no_honorific,어제 저녁에 혼자서 팀장님이 파스타를 먹었다.,close,팀장님이,이,파스타를 먹었다,먹었다,True,True
2,72,verb_only,어제 저녁에 혼자서 팀장님이 파스타를 드셨다.,close,팀장님이,이,파스타를 드셨다,드셨다,False,True
2,72,noun_only,어제 저녁에 혼자서 팀장님께서 파스타를 먹었다.,close,팀장님께서,께서,파스타를 먹었다,먹었다,False,False
2,72,all_honorific,어제 저녁에 혼자서 팀장님께서 파스타를 드셨다.,close,팀장님께서,께서,파스타를 드셨다,드셨다,True,True
2,73,no_honorific,어제 저녁에 혼자서 팀장님이 호통을 쳤다.,close,팀장님이,이,호통을 쳤다,쳤다,True,True
2,73,verb_only,어제 저녁에 혼자서 팀장님이 호통을 치셨다.,close,팀장님이,이,호통을 치셨다,치셨다,False,True
2,73,noun_only,어제 저녁에 혼자서 팀장님께서 호통을 쳤다.,close,팀장님께서,께서,호통을 쳤다,쳤다,False,False
2,73,all_honorific,어제 저녁에 혼자서 팀장님께서 호통을 치셨다.,close,팀장님께서,께서,호통을 치셨다,치셨다,True,True
2,74,no_honorific,어제 저녁에 혼자서 팀장님이 핸드폰을 샀다.,close,팀장님이,이,핸드폰을 샀다,샀다,True,True
2,74,verb_only,어제 저녁에 혼자서 팀장님이 핸드폰을 사셨다.,close,팀장님이,이,핸드폰을 사셨다,사셨다,False,True
2,74,noun_only,어제 저녁에 혼자서 팀장님께서 핸드폰을 샀다.,close,팀장님께서,께서,핸드폰을 샀다,샀다,False,False
2,74,all_honorific,어제 저녁에 혼자서 팀장님께서 핸드폰을 사셨다.,close,팀장님께서,께서,핸드폰을 사셨다,사셨다,True,True
2,75,no_honorific,어제 저녁에 혼자서 팀장님이 편지를 썼다.,close,팀장님이,이,편지를 썼다,썼다,True,True
2,75,verb_only,어제 저녁에 혼자서 팀장님이 편지를 쓰셨다.,close,팀장님이,이,편지를 쓰셨다,쓰셨다,False,True
2,75,noun_only,어제 저녁에 혼자서 팀장님께서 편지를 썼다.,close,팀장님께서,께서,편지를 썼다,썼다,False,False
2,75,all_honorific,어제 저녁에 혼자서 팀장님께서 편지를 쓰셨다.,close,팀장님께서,께서,편지를 쓰셨다,쓰셨다,True,True
2,76,no_honorific,어제 저녁에 혼자서 팀장님이 노래를 불렀다.,close,팀장님이,이,노래를 불렀다,불렀다,True,True
2,76,verb_only,어제 저녁에 혼자서 팀장님이 노래를 부르셨다.,close,팀장님이,이,노래를 부르셨다,부르셨다,False,True
2,76,noun_only,어제 저녁에 혼자서 팀장님께서 노래를 불렀다.,close,팀장님께서,께서,노래를 불렀다,불렀다,False,False
2,76,all_honorific,어제 저녁에 혼자서 팀장님께서 노래를 부르셨다.,close,팀장님께서,께서,노래를 부르셨다,부르셨다,True,True
2,77,no_honorific,어제 저녁에 혼자서 팀장님이 티비를 봤다.,close,팀장님이,이,티비를 봤다,봤다,True,True
2,77,verb_only,어제 저녁에 혼자서 팀장님이 티비를 보셨다.,close,팀장님이,이,티비를 보셨다,보셨다,False,True
2,77,noun_only,어제 저녁에 혼자서 팀장님께서 티비를 봤다.,close,팀장님께서,께서,티비를 봤다,봤다,False,False
2,77,all_honorific,어제 저녁에 혼자서 팀장님께서 티비를 보셨다.,close,팀장님께서,께서,티비를 보셨다,보셨다,True,True
2,78,no_honorific,어제 저녁에 혼자서 팀장님이 산책을 했다.,close,팀장님이,이,산책을 했다,했다,True,True
2,78,verb_only,어제 저녁에 혼자서 팀장님이 산책을 하셨다.,close,팀장님이,이,산책을 하셨다,하셨다,False,True
2,78,noun_only,어제 저녁에 혼자서 팀장님께서 산책을 했다.,close,팀장님께서,께서,산책을 했다,했다,False,False
2,78,all_honorific,어제 저녁에 혼자서 팀장님께서 산책을 하셨다.,close,팀장님께서,께서,산책을 하셨다,하셨다,True,True
2,79,no_honorific,어제 저녁에 혼자서 팀장님이 정원을 가꿨다.,close,팀장님이,이,정원을 가꿨다,가꿨다,True,True
2,79,verb_only,어제 저녁에 혼자서 팀장님이 정원을 가꾸셨다.,close,팀장님이,이,정원을 가꾸셨다,가꾸셨다,False,True
2,79,noun_only,어제 저녁에 혼자서 팀장님께서 정원을 가꿨다.,close,팀장님께서,께서,정원을 가꿨다,가꿨다,False,False
2,79,all_honorific,어제 저녁에 혼자서 팀장님께서 정원을 가꾸셨다.,close,팀장님께서,께서,정원을 가꾸셨다,가꾸셨다,True,True
2,80,no_honorific,어제 저녁에 혼자서 팀장님이 빨래를 널었다.,close,팀장님이,이,빨래를 널었다,널었다,True,True
2,80,verb_only,어제 저녁에 혼자서 팀장님이 빨래를 널으셨다.,close,팀장님이,이,빨래를 널으셨다,널으셨다,False,True
2,80,noun_only,어제 저녁에 혼자서 팀장님께서 빨래를 널었다.,close,팀장님께서,께서,빨래를 널었다,널었다,False,False
2,80,all_honorific,어제 저녁에 혼자서 팀장님께서 빨래를 널으셨다.,close,팀장님께서,께서,빨래를 널으셨다,널으셨다,True,True
2,81,no_honorific,어제 저녁에 혼자서 이모님이 책을 읽었다.,close,이모님이,이,책을 읽었다,읽었다,True,True
2,81,verb_only,어제 저녁에 혼자서 이모님이 책을 읽으셨다.,close,이모님이,이,책을 읽으셨다,읽으셨다,False,True
2,81,noun_only,어제 저녁에 혼자서 이모님께서 책을 읽었다.,close,이모님께서,께서,책을 읽었다,읽었다,False,False
2,81,all_honorific,어제 저녁에 혼자서 이모님께서 책을 읽으셨다.,close,이모님께서,께서,책을 읽으셨다,읽으셨다,True,True
2,82,no_honorific,어제 저녁에 혼자서 이모님이 파스타를 먹었다.,close,이모님이,이,파스타를 먹었다,먹었다,True,True
2,82,verb_only,어제 저녁에 혼자서 이모님이 파스타를 드셨다.,close,이모님이,이,파스타를 드셨다,드셨다,False,True
2,82,noun_only,어제 저녁에 혼자서 이모님께서 파스타를 먹었다.,close,이모님께서,께서,파스타를 먹었다,먹었다,False,False
2,82,all_honorific,어제 저녁에 혼자서 이모님께서 파스타를 드셨다.,close,이모님께서,께서,파스타를 드셨다,드셨다,True,True
2,83,no_honorific,어제 저녁에 혼자서 이모님이 호통을 쳤다.,close,이모님이,이,호통을 쳤다,쳤다,True,True
2,83,verb_only,어제 저녁에 혼자서 이모님이 호통을 치셨다.,close,이모님이,이,호통을 치셨다,치셨다,False,True
2,83,noun_only,어제 저녁에 혼자서 이모님께서 호통을 쳤다.,close,이모님께서,께서,호통을 쳤다,쳤다,False,False
2,83,all_honorific,어제 저녁에 혼자서 이모님께서 호통을 치셨다.,close,이모님께서,께서,호통을 치셨다,치셨다,True,True
2,84,no_honorific,어제 저녁에 혼자서 이모님이 핸드폰을 샀다.,close,이모님이,이,핸드폰을 샀다,샀다,True,True
2,84,verb_only,어제 저녁에 혼자서 이모님이 핸드폰을 사셨다.,close,이모님이,이,핸드폰을 사셨다,사셨다,False,True
2,84,noun_only,어제 저녁에 혼자서 이모님께서 핸드폰을 샀다.,close,이모님께서,께서,핸드폰을 샀다,샀다,False,False
2,84,all_honorific,어제 저녁에 혼자서 이모님께서 핸드폰을 사셨다.,close,이모님께서,께서,핸드폰을 사셨다,사셨다,True,True
2,85,no_honorific,어제 저녁에 혼자서 이모님이 편지를 썼다.,close,이모님이,이,편지를 썼다,썼다,True,True
2,85,verb_only,어제 저녁에 혼자서 이모님이 편지를 쓰셨다.,close,이모님이,이,편지를 쓰셨다,쓰셨다,False,True
2,85,noun_only,어제 저녁에 혼자서 이모님께서 편지를 썼다.,close,이모님께서,께서,편지를 썼다,썼다,False,False
2,85,all_honorific,어제 저녁에 혼자서 이모님께서 편지를 쓰셨다.,close,이모님께서,께서,편지를 쓰셨다,쓰셨다,True,True
2,86,no_honorific,어제 저녁에 혼자서 이모님이 노래를 불렀다.,close,이모님이,이,노래를 불렀다,불렀다,True,True
2,86,verb_only,어제 저녁에 혼자서 이모님이 노래를 부르셨다.,close,이모님이,이,노래를 부르셨다,부르셨다,False,True
2,86,noun_only,어제 저녁에 혼자서 이모님께서 노래를 불렀다.,close,이모님께서,께서,노래를 불렀다,불렀다,False,False
2,86,all_honorific,어제 저녁에 혼자서 이모님께서 노래를 부르셨다.,close,이모님께서,께서,노래를 부르셨다,부르셨다,True,True
2,87,no_honorific,어제 저녁에 혼자서 이모님이 티비를 봤다.,close,이모님이,이,티비를 봤다,봤다,True,True
2,87,verb_only,어제 저녁에 혼자서 이모님이 티비를 보셨다.,close,이모님이,이,티비를 보셨다,보셨다,False,True
2,87,noun_only,어제 저녁에 혼자서 이모님께서 티비를 봤다.,close,이모님께서,께서,티비를 봤다,봤다,False,False
2,87,all_honorific,어제 저녁에 혼자서 이모님께서 티비를 보셨다.,close,이모님께서,께서,티비를 보셨다,보셨다,True,True
2,88,no_honorific,어제 저녁에 혼자서 이모님이 산책을 했다.,close,이모님이,이,산책을 했다,했다,True,True
2,88,verb_only,어제 저녁에 혼자서 이모님이 산책을 하셨다.,close,이모님이,이,산책을 하셨다,하셨다,False,True
2,88,noun_only,어제 저녁에 혼자서 이모님께서 산책을 했다.,close,이모님께서,께서,산책을 했다,했다,False,False
2,88,all_honorific,어제 저녁에 혼자서 이모님께서 산책을 하셨다.,close,이모님께서,께서,산책을 하셨다,하셨다,True,True
2,89,no_honorific,어제 저녁에 혼자서 이모님이 정원을 가꿨다.,close,이모님이,이,정원을 가꿨다,가꿨다,True,True
2,89,verb_only,어제 저녁에 혼자서 이모님이 정원을 가꾸셨다.,close,이모님이,이,정원을 가꾸셨다,가꾸셨다,False,True
2,89,noun_only,어제 저녁에 혼자서 이모님께서 정원을 가꿨다.,close,이모님께서,께서,정원을 가꿨다,가꿨다,False,False
2,89,all_honorific,어제 저녁에 혼자서 이모님께서 정원을 가꾸셨다.,close,이모님께서,께서,정원을 가꾸셨다,가꾸셨다,True,True
2,90,no_honorific,어제 저녁에 혼자서 이모님이 빨래를 널었다.,close,이모님이,이,빨래를 널었다,널었다,True,True
2,90,verb_only,어제 저녁에 혼자서 이모님이 빨래를 널으셨다.,close,이모님이,이,빨래를 널으셨다,널으셨다,False,True
2,90,noun_only,어제 저녁에 혼자서 이모님께서 빨래를 널었다.,close,이모님께서,께서,빨래를 널었다,널었다,False,False
2,90,all_honorific,어제 저녁에 혼자서 이모님께서 빨래를 널으셨다.,close,이모님께서,께서,빨래를 널으셨다,널으셨다,True,True
2,91,no_honorific,어제 저녁에 혼자서 손님이 책을 읽었다.,close,손님이,이,책을 읽었다,읽었다,True,True
2,91,verb_only,어제 저녁에 혼자서 손님이 책을 읽으셨다.,close,손님이,이,책을 읽으셨다,읽으셨다,False,True
2,91,noun_only,어제 저녁에 혼자서 손님께서 책을 읽었다.,close,손님께서,께서,책을 읽었다,읽었다,False,False
2,91,all_honorific,어제 저녁에 혼자서 손님께서 책을 읽으셨다.,close,손님께서,께서,책을 읽으셨다,읽으셨다,True,True
2,92,no_honorific,어제 저녁에 혼자서 손님이 파스타를 먹었다.,close,손님이,이,파스타를 먹었다,먹었다,True,True
2,92,verb_only,어제 저녁에 혼자서 손님이 파스타를 드셨다.,close,손님이,이,파스타를 드셨다,드셨다,False,True
2,92,noun_only,어제 저녁에 혼자서 손님께서 파스타를 먹었다.,close,손님께서,께서,파스타를 먹었다,먹었다,False,False
2,92,all_honorific,어제 저녁에 혼자서 손님께서 파스타를 드셨다.,close,손님께서,께서,파스타를 드셨다,드셨다,True,True
2,93,no_honorific,어제 저녁에 혼자서 손님이 호통을 쳤다.,close,손님이,이,호통을 쳤다,쳤다,True,True
2,93,verb_only,어제 저녁에 혼자서 손님이 호통을 치셨다.,close,손님이,이,호통을 치셨다,치셨다,False,True
2,93,noun_only,어제 저녁에 혼자서 손님께서 호통을 쳤다.,close,손님께서,께서,호통을 쳤다,쳤다,False,False
2,93,all_honorific,어제 저녁에 혼자서 손님께서 호통을 치셨다.,close,손님께서,께서,호통을 치셨다,치셨다,True,True
2,94,no_honorific,어제 저녁에 혼자서 손님이 핸드폰을 샀다.,close,손님이,이,핸드폰을 샀다,샀다,True,True
2,94,verb_only,어제 저녁에 혼자서 손님이 핸드폰을 사셨다.,close,손님이,이,핸드폰을 사셨다,사셨다,False,True
2,94,noun_only,어제 저녁에 혼자서 손님께서 핸드폰을 샀다.,close,손님께서,께서,핸드폰을 샀다,샀다,False,False
2,94,all_honorific,어제 저녁에 혼자서 손님께서 핸드폰을 사셨다.,close,손님께서,께서,핸드폰을 사셨다,사셨다,True,True
2,95,no_honorific,어제 저녁에 혼자서 손님이 편지를 썼다.,close,손님이,이,편지를 썼다,썼다,True,True
2,95,verb_only,어제 저녁에 혼자서 손님이 편지를 쓰셨다.,close,손님이,이,편지를 쓰셨다,쓰셨다,False,True
2,95,noun_only,어제 저녁에 혼자서 손님께서 편지를 썼다.,close,손님께서,께서,편지를 썼다,썼다,False,False
2,95,all_honorific,어제 저녁에 혼자서 손님께서 편지를 쓰셨다.,close,손님께서,께서,편지를 쓰셨다,쓰셨다,True,True
2,96,no_honorific,어제 저녁에 혼자서 손님이 노래를 불렀다.,close,손님이,이,노래를 불렀다,불렀다,True,True
2,96,verb_only,어제 저녁에 혼자서 손님이 노래를 부르셨다.,close,손님이,이,노래를 부르셨다,부르셨다,False,True
2,96,noun_only,어제 저녁에 혼자서 손님께서 노래를 불렀다.,close,손님께서,께서,노래를 불렀다,불렀다,False,False
2,96,all_honorific,어제 저녁에 혼자서 손님께서 노래를 부르셨다.,close,손님께서,께서,노래를 부르셨다,부르셨다,True,True
2,97,no_honorific,어제 저녁에 혼자서 손님이 티비를 봤다.,close,손님이,이,티비를 봤다,봤다,True,True
2,97,verb_only,어제 저녁에 혼자서 손님이 티비를 보셨다.,close,손님이,이,티비를 보셨다,보셨다,False,True
2,97,noun_only,어제 저녁에 혼자서 손님께서 티비를 봤다.,close,손님께서,께서,티비를 봤다,봤다,False,False
2,97,all_honorific,어제 저녁에 혼자서 손님께서 티비를 보셨다.,close,손님께서,께서,티비를 보셨다,보셨다,True,True
2,98,no_honorific,어제 저녁에 혼자서 손님이 산책을 했다.,close,손님이,이,산책을 했다,했다,True,True
2,98,verb_only,어제 저녁에 혼자서 손님이 산책을 하셨다.,close,손님이,이,산책을 하셨다,하셨다,False,True
2,98,noun_only,어제 저녁에 혼자서 손님께서 산책을 했다.,close,손님께서,께서,산책을 했다,했다,False,False
2,98,all_honorific,어제 저녁에 혼자서 손님께서 산책을 하셨다.,close,손님께서,께서,산책을 하셨다,하셨다,True,True
2,99,no_honorific,어제 저녁에 혼자서 손님이 정원을 가꿨다.,close,손님이,이,정원을 가꿨다,가꿨다,True,True
2,99,verb_only,어제 저녁에 혼자서 손님이 정원을 가꾸셨다.,close,손님이,이,정원을 가꾸셨다,가꾸셨다,False,True
2,99,noun_only,어제 저녁에 혼자서 손님께서 정원을 가꿨다.,close,손님께서,께서,정원을 가꿨다,가꿨다,False,False
2,99,all_honorific,어제 저녁에 혼자서 손님께서 정원을 가꾸셨다.,close,손님께서,께서,정원을 가꾸셨다,가꾸셨다,True,True
2,100,no_honorific,어제 저녁에 혼자서 손님이 빨래를 널었다.,close,손님이,이,빨래를 널었다,널었다,True,True
2,100,verb_only,어제 저녁에 혼자서 손님이 빨래를 널으셨다.,close,손님이,이,빨래를 널으셨다,널으셨다,False,True
2,100,noun_only,어제 저녁에 혼자서 손님께서 빨래를 널었다.,close,손님께서,께서,빨래를 널었다,널었다,False,False
2,100,all_honorific,어제 저녁에 혼자서 손님께서 빨래를 널으셨다.,close,손님께서,께서,빨래를 널으셨다,널으셨다,True,True
2,101,no_honorific,선생님이 어제 저녁에 혼자서 책을 읽었다.,far,선생님이,이,책을 읽었다,읽었다,True,True
2,101,verb_only,선생님이 어제 저녁에 혼자서 책을 읽으셨다.,far,선생님이,이,책을 읽으셨다,읽으셨다,False,True
2,101,noun_only,선생님께서 어제 저녁에 혼자서 책을 읽었다.,far,선생님께서,께서,책을 읽었다,읽었다,False,False
2,101,all_honorific,선생님께서 어제 저녁에 혼자서 책을 읽으셨다.,far,선생님께서,께서,책을 읽으셨다,읽으셨다,True,True
2,102,no_honorific,선생님이 어제 저녁에 혼자서 파스타를 먹었다.,far,선생님이,이,파스타를 먹었다,먹었다,True,True
2,102,verb_only,선생님이 어제 저녁에 혼자서 파스타를 드셨다.,far,선생님이,이,파스타를 드셨다,드셨다,False,True
2,102,noun_only,선생님께서 어제 저녁에 혼자서 파스타를 먹었다.,far,선생님께서,께서,파스타를 먹었다,먹었다,False,False
2,102,all_honorific,선생님께서 어제 저녁에 혼자서 파스타를 드셨다.,far,선생님께서,께서,파스타를 드셨다,드셨다,True,True
2,103,no_honorific,선생님이 어제 저녁에 혼자서 호통을 쳤다.,far,선생님이,이,호통을 쳤다,쳤다,True,True
2,103,verb_only,선생님이 어제 저녁에 혼자서 호통을 치셨다.,far,선생님이,이,호통을 치셨다,치셨다,False,True
2,103,noun_only,선생님께서 어제 저녁에 혼자서 호통을 쳤다.,far,선생님께서,께서,호통을 쳤다,쳤다,False,False
2,103,all_honorific,선생님께서 어제 저녁에 혼자서 호통을 치셨다.,far,선생님께서,께서,호통을 치셨다,치셨다,True,True
2,104,no_honorific,선생님이 어제 저녁에 혼자서 핸드폰을 샀다.,far,선생님이,이,핸드폰을 샀다,샀다,True,True
2,104,verb_only,선생님이 어제 저녁에 혼자서 핸드폰을 사셨다.,far,선생님이,이,핸드폰을 사셨다,사셨다,False,True
2,104,noun_only,선생님께서 어제 저녁에 혼자서 핸드폰을 샀다.,far,선생님께서,께서,핸드폰을 샀다,샀다,False,False
2,104,all_honorific,선생님께서 어제 저녁에 혼자서 핸드폰을 사셨다.,far,선생님께서,께서,핸드폰을 사셨다,사셨다,True,True
2,105,no_honorific,선생님이 어제 저녁에 혼자서 편지를 썼다.,far,선생님이,이,편지를 썼다,썼다,True,True
2,105,verb_only,선생님이 어제 저녁에 혼자서 편지를 쓰셨다.,far,선생님이,이,편지를 쓰셨다,쓰셨다,False,True
2,105,noun_only,선생님께서 어제 저녁에 혼자서 편지를 썼다.,far,선생님께서,께서,편지를 썼다,썼다,False,False
2,105,all_honorific,선생님께서 어제 저녁에 혼자서 편지를 쓰셨다.,far,선생님께서,께서,편지를 쓰셨다,쓰셨다,True,True
2,106,no_honorific,선생님이 어제 저녁에 혼자서 노래를 불렀다.,far,선생님이,이,노래를 불렀다,불렀다,True,True
2,106,verb_only,선생님이 어제 저녁에 혼자서 노래를 부르셨다.,far,선생님이,이,노래를 부르셨다,부르셨다,False,True
2,106,noun_only,선생님께서 어제 저녁에 혼자서 노래를 불렀다.,far,선생님께서,께서,노래를 불렀다,불렀다,False,False
2,106,all_honorific,선생님께서 어제 저녁에 혼자서 노래를 부르셨다.,far,선생님께서,께서,노래를 부르셨다,부르셨다,True,True
2,107,no_honorific,선생님이 어제 저녁에 혼자서 티비를 봤다.,far,선생님이,이,티비를 봤다,봤다,True,True
2,107,verb_only,선생님이 어제 저녁에 혼자서 티비를 보셨다.,far,선생님이,이,티비를 보셨다,보셨다,False,True
2,107,noun_only,선생님께서 어제 저녁에 혼자서 티비를 봤다.,far,선생님께서,께서,티비를 봤다,봤다,False,False
2,107,all_honorific,선생님께서 어제 저녁에 혼자서 티비를 보셨다.,far,선생님께서,께서,티비를 보셨다,보셨다,True,True
2,108,no_honorific,선생님이 어제 저녁에 혼자서 산책을 했다.,far,선생님이,이,산책을 했다,했다,True,True
2,108,verb_only,선생님이 어제 저녁에 혼자서 산책을 하셨다.,far,선생님이,이,산책을 하셨다,하셨다,False,True
2,108,noun_only,선생님께서 어제 저녁에 혼자서 산책을 했다.,far,선생님께서,께서,산책을 했다,했다,False,False
2,108,all_honorific,선생님께서 어제 저녁에 혼자서 산책을 하셨다.,far,선생님께서,께서,산책을 하셨다,하셨다,True,True
2,109,no_honorific,선생님이 어제 저녁에 혼자서 정원을 가꿨다.,far,선생님이,이,정원을 가꿨다,가꿨다,True,True
2,109,verb_only,선생님이 어제 저녁에 혼자서 정원을 가꾸셨다.,far,선생님이,이,정원을 가꾸셨다,가꾸셨다,False,True
2,109,noun_only,선생님께서 어제 저녁에 혼자서 정원을 가꿨다.,far,선생님께서,께서,정원을 가꿨다,가꿨다,False,False
2,109,all_honorific,선생님께서 어제 저녁에 혼자서 정원을 가꾸셨다.,far,선생님께서,께서,정원을 가꾸셨다,가꾸셨다,True,True
2,110,no_honorific,선생님이 어제 저녁에 혼자서 빨래를 널었다.,far,선생님이,이,빨래를 널었다,널었다,True,True
2,110,verb_only,선생님이 어제 저녁에 혼자서 빨래를 널으셨다.,far,선생님이,이,빨래를 널으셨다,널으셨다,False,True
2,110,noun_only,선생님께서 어제 저녁에 혼자서 빨래를 널었다.,far,선생님께서,께서,빨래를 널었다,널었다,False,False
2,110,all_honorific,선생님께서 어제 저녁에 혼자서 빨래를 널으셨다.,far,선생님께서,께서,빨래를 널으셨다,널으셨다,True,True
2,111,no_honorific,교수님이 어제 저녁에 혼자서 책을 읽었다.,far,교수님이,이,책을 읽었다,읽었다,True,True
2,111,verb_only,교수님이 어제 저녁에 혼자서 책을 읽으셨다.,far,교수님이,이,책을 읽으셨다,읽으셨다,False,True
2,111,noun_only,교수님께서 어제 저녁에 혼자서 책을 읽었다.,far,교수님께서,께서,책을 읽었다,읽었다,False,False
2,111,all_honorific,교수님께서 어제 저녁에 혼자서 책을 읽으셨다.,far,교수님께서,께서,책을 읽으셨다,읽으셨다,True,True
2,112,no_honorific,교수님이 어제 저녁에 혼자서 파스타를 먹었다.,far,교수님이,이,파스타를 먹었다,먹었다,True,True
2,112,verb_only,교수님이 어제 저녁에 혼자서 파스타를 드셨다.,far,교수님이,이,파스타를 드셨다,드셨다,False,True
2,112,noun_only,교수님께서 어제 저녁에 혼자서 파스타를 먹었다.,far,교수님께서,께서,파스타를 먹었다,먹었다,False,False
2,112,all_honorific,교수님께서 어제 저녁에 혼자서 파스타를 드셨다.,far,교수님께서,께서,파스타를 드셨다,드셨다,True,True
2,113,no_honorific,교수님이 어제 저녁에 혼자서 호통을 쳤다.,far,교수님이,이,호통을 쳤다,쳤다,True,True
2,113,verb_only,교수님이 어제 저녁에 혼자서 호통을 치셨다.,far,교수님이,이,호통을 치셨다,치셨다,False,True
2,113,noun_only,교수님께서 어제 저녁에 혼자서 호통을 쳤다.,far,교수님께서,께서,호통을 쳤다,쳤다,False,False
2,113,all_honorific,교수님께서 어제 저녁에 혼자서 호통을 치셨다.,far,교수님께서,께서,호통을 치셨다,치셨다,True,True
2,114,no_honorific,교수님이 어제 저녁에 혼자서 핸드폰을 샀다.,far,교수님이,이,핸드폰을 샀다,샀다,True,True
2,114,verb_only,교수님이 어제 저녁에 혼자서 핸드폰을 사셨다.,far,교수님이,이,핸드폰을 사셨다,사셨다,False,True
2,114,noun_only,교수님께서 어제 저녁에 혼자서 핸드폰을 샀다.,far,교수님께서,께서,핸드폰을 샀다,샀다,False,False
2,114,all_honorific,교수님께서 어제 저녁에 혼자서 핸드폰을 사셨다.,far,교수님께서,께서,핸드폰을 사셨다,사셨다,True,True
2,115,no_honorific,교수님이 어제 저녁에 혼자서 편지를 썼다.,far,교수님이,이,편지를 썼다,썼다,True,True
2,115,verb_only,교수님이 어제 저녁에 혼자서 편지를 쓰셨다.,far,교수님이,이,편지를 쓰셨다,쓰셨다,False,True
2,115,noun_only,교수님께서 어제 저녁에 혼자서 편지를 썼다.,far,교수님께서,께서,편지를 썼다,썼다,False,False
2,115,all_honorific,교수님께서 어제 저녁에 혼자서 편지를 쓰셨다.,far,교수님께서,께서,편지를 쓰셨다,쓰셨다,True,True
2,116,no_honorific,교수님이 어제 저녁에 혼자서 노래를 불렀다.,far,교수님이,이,노래를 불렀다,불렀다,True,True
2,116,verb_only,교수님이 어제 저녁에 혼자서 노래를 부르셨다.,far,교수님이,이,노래를 부르셨다,부르셨다,False,True
2,116,noun_only,교수님께서 어제 저녁에 혼자서 노래를 불렀다.,far,교수님께서,께서,노래를 불렀다,불렀다,False,False
2,116,all_honorific,교수님께서 어제 저녁에 혼자서 노래를 부르셨다.,far,교수님께서,께서,노래를 부르셨다,부르셨다,True,True
2,117,no_honorific,교수님이 어제 저녁에 혼자서 티비를 봤다.,far,교수님이,이,티비를 봤다,봤다,True,True
2,117,verb_only,교수님이 어제 저녁에 혼자서 티비를 보셨다.,far,교수님이,이,티비를 보셨다,보셨다,False,True
2,117,noun_only,교수님께서 어제 저녁에 혼자서 티비를 봤다.,far,교수님께서,께서,티비를 봤다,봤다,False,False
2,117,all_honorific,교수님께서 어제 저녁에 혼자서 티비를 보셨다.,far,교수님께서,께서,티비를 보셨다,보셨다,True,True
2,118,no_honorific,교수님이 어제 저녁에 혼자서 산책을 했다.,far,교수님이,이,산책을 했다,했다,True,True
2,118,verb_only,교수님이 어제 저녁에 혼자서 산책을 하셨다.,far,교수님이,이,산책을 하셨다,하셨다,False,True
2,118,noun_only,교수님께서 어제 저녁에 혼자서 산책을 했다.,far,교수님께서,께서,산책을 했다,했다,False,False
2,118,all_honorific,교수님께서 어제 저녁에 혼자서 산책을 하셨다.,far,교수님께서,께서,산책을 하셨다,하셨다,True,True
2,119,no_honorific,교수님이 어제 저녁에 혼자서 정원을 가꿨다.,far,교수님이,이,정원을 가꿨다,가꿨다,True,True
2,119,verb_only,교수님이 어제 저녁에 혼자서 정원을 가꾸셨다.,far,교수님이,이,정원을 가꾸셨다,가꾸셨다,False,True
2,119,noun_only,교수님께서 어제 저녁에 혼자서 정원을 가꿨다.,far,교수님께서,께서,정원을 가꿨다,가꿨다,False,False
2,119,all_honorific,교수님께서 어제 저녁에 혼자서 정원을 가꾸셨다.,far,교수님께서,께서,정원을 가꾸셨다,가꾸셨다,True,True
2,120,no_honorific,교수님이 어제 저녁에 혼자서 빨래를 널었다.,far,교수님이,이,빨래를 널었다,널었다,True,True
2,120,verb_only,교수님이 어제 저녁에 혼자서 빨래를 널으셨다.,far,교수님이,이,빨래를 널으셨다,널으셨다,False,True
2,120,noun_only,교수님께서 어제 저녁에 혼자서 빨래를 널었다.,far,교수님께서,께서,빨래를 널었다,널었다,False,False
2,120,all_honorific,교수님께서 어제 저녁에 혼자서 빨래를 널으셨다.,far,교수님께서,께서,빨래를 널으셨다,널으셨다,True,True
2,121,no_honorific,어머니가 어제 저녁에 혼자서 책을 읽었다.,far,어머니가,가,책을 읽었다,읽었다,True,True
2,121,verb_only,어머니가 어제 저녁에 혼자서 책을 읽으셨다.,far,어머니가,가,책을 읽으셨다,읽으셨다,False,True
2,121,noun_only,어머니께서 어제 저녁에 혼자서 책을 읽었다.,far,어머니께서,께서,책을 읽었다,읽었다,False,False
2,121,all_honorific,어머니께서 어제 저녁에 혼자서 책을 읽으셨다.,far,어머니께서,께서,책을 읽으셨다,읽으셨다,True,True
2,122,no_honorific,어머니가 어제 저녁에 혼자서 파스타를 먹었다.,far,어머니가,가,파스타를 먹었다,먹었다,True,True
2,122,verb_only,어머니가 어제 저녁에 혼자서 파스타를 드셨다.,far,어머니가,가,파스타를 드셨다,드셨다,False,True
2,122,noun_only,어머니께서 어제 저녁에 혼자서 파스타를 먹었다.,far,어머니께서,께서,파스타를 먹었다,먹었다,False,False
2,122,all_honorific,어머니께서 어제 저녁에 혼자서 파스타를 드셨다.,far,어머니께서,께서,파스타를 드셨다,드셨다,True,True
2,123,no_honorific,어머니가 어제 저녁에 혼자서 호통을 쳤다.,far,어머니가,가,호통을 쳤다,쳤다,True,True
2,123,verb_only,어머니가 어제 저녁에 혼자서 호통을 치셨다.,far,어머니가,가,호통을 치셨다,치셨다,False,True
2,123,noun_only,어머니께서 어제 저녁에 혼자서 호통을 쳤다.,far,어머니께서,께서,호통을 쳤다,쳤다,False,False
2,123,all_honorific,어머니께서 어제 저녁에 혼자서 호통을 치셨다.,far,어머니께서,께서,호통을 치셨다,치셨다,True,True
2,124,no_honorific,어머니가 어제 저녁에 혼자서 핸드폰을 샀다.,far,어머니가,가,핸드폰을 샀다,샀다,True,True
2,124,verb_only,어머니가 어제 저녁에 혼자서 핸드폰을 사셨다.,far,어머니가,가,핸드폰을 사셨다,사셨다,False,True
2,124,noun_only,어머니께서 어제 저녁에 혼자서 핸드폰을 샀다.,far,어머니께서,께서,핸드폰을 샀다,샀다,False,False
2,124,all_honorific,어머니께서 어제 저녁에 혼자서 핸드폰을 사셨다.,far,어머니께서,께서,핸드폰을 사셨다,사셨다,True,True
2,125,no_honorific,어머니가 어제 저녁에 혼자서 편지를 썼다.,far,어머니가,가,편지를 썼다,썼다,True,True
2,125,verb_only,어머니가 어제 저녁에 혼자서 편지를 쓰셨다.,far,어머니가,가,편지를 쓰셨다,쓰셨다,False,True
2,125,noun_only,어머니께서 어제 저녁에 혼자서 편지를 썼다.,far,어머니께서,께서,편지를 썼다,썼다,False,False
2,125,all_honorific,어머니께서 어제 저녁에 혼자서 편지를 쓰셨다.,far,어머니께서,께서,편지를 쓰셨다,쓰셨다,True,True
2,126,no_honorific,어머니가 어제 저녁에 혼자서 노래를 불렀다.,far,어머니가,가,노래를 불렀다,불렀다,True,True
2,126,verb_only,어머니가 어제 저녁에 혼자서 노래를 부르셨다.,far,어머니가,가,노래를 부르셨다,부르셨다,False,True
2,126,noun_only,어머니께서 어제 저녁에 혼자서 노래를 불렀다.,far,어머니께서,께서,노래를 불렀다,불렀다,False,False
2,126,all_honorific,어머니께서 어제 저녁에 혼자서 노래를 부르셨다.,far,어머니께서,께서,노래를 부르셨다,부르셨다,True,True
2,127,no_honorific,어머니가 어제 저녁에 혼자서 티비를 봤다.,far,어머니가,가,티비를 봤다,봤다,True,True
2,127,verb_only,어머니가 어제 저녁에 혼자서 티비를 보셨다.,far,어머니가,가,티비를 보셨다,보셨다,False,True
2,127,noun_only,어머니께서 어제 저녁에 혼자서 티비를 봤다.,far,어머니께서,께서,티비를 봤다,봤다,False,False
2,127,all_honorific,어머니께서 어제 저녁에 혼자서 티비를 보셨다.,far,어머니께서,께서,티비를 보셨다,보셨다,True,True
2,128,no_honorific,어머니가 어제 저녁에 혼자서 산책을 했다.,far,어머니가,가,산책을 했다,했다,True,True
2,128,verb_only,어머니가 어제 저녁에 혼자서 산책을 하셨다.,far,어머니가,가,산책을 하셨다,하셨다,False,True
2,128,noun_only,어머니께서 어제 저녁에 혼자서 산책을 했다.,far,어머니께서,께서,산책을 했다,했다,False,False
2,128,all_honorific,어머니께서 어제 저녁에 혼자서 산책을 하셨다.,far,어머니께서,께서,산책을 하셨다,하셨다,True,True
2,129,no_honorific,어머니가 어제 저녁에 혼자서 정원을 가꿨다.,far,어머니가,가,정원을 가꿨다,가꿨다,True,True
2,129,verb_only,어머니가 어제 저녁에 혼자서 정원을 가꾸셨다.,far,어머니가,가,정원을 가꾸셨다,가꾸셨다,False,True
2,129,noun_only,어머니께서 어제 저녁에 혼자서 정원을 가꿨다.,far,어머니께서,께서,정원을 가꿨다,가꿨다,False,False
2,129,all_honorific,어머니께서 어제 저녁에 혼자서 정원을 가꾸셨다.,far,어머니께서,께서,정원을 가꾸셨다,가꾸셨다,True,True
2,130,no_honorific,어머니가 어제 저녁에 혼자서 빨래를 널었다.,far,어머니가,가,빨래를 널었다,널었다,True,True
2,130,verb_only,어머니가 어제 저녁에 혼자서 빨래를 널으셨다.,far,어머니가,가,빨래를 널으셨다,널으셨다,False,True
2,130,noun_only,어머니께서 어제 저녁에 혼자서 빨래를 널었다.,far,어머니께서,께서,빨래를 널었다,널었다,False,False
2,130,all_honorific,어머니께서 어제 저녁에 혼자서 빨래를 널으셨다.,far,어머니께서,께서,빨래를 널으셨다,널으셨다,True,True
2,131,no_honorific,아버지가 어제 저녁에 혼자서 책을 읽었다.,far,아버지가,가,책을 읽었다,읽었다,True,True
2,131,verb_only,아버지가 어제 저녁에 혼자서 책을 읽으셨다.,far,아버지가,가,책을 읽으셨다,읽으셨다,False,True
2,131,noun_only,아버지께서 어제 저녁에 혼자서 책을 읽었다.,far,아버지께서,께서,책을 읽었다,읽었다,False,False
2,131,all_honorific,아버지께서 어제 저녁에 혼자서 책을 읽으셨다.,far,아버지께서,께서,책을 읽으셨다,읽으셨다,True,True
2,132,no_honorific,아버지가 어제 저녁에 혼자서 파스타를 먹었다.,far,아버지가,가,파스타를 먹었다,먹었다,True,True
2,132,verb_only,아버지가 어제 저녁에 혼자서 파스타를 드셨다.,far,아버지가,가,파스타를 드셨다,드셨다,False,True
2,132,noun_only,아버지께서 어제 저녁에 혼자서 파스타를 먹었다.,far,아버지께서,께서,파스타를 먹었다,먹었다,False,False
2,132,all_honorific,아버지께서 어제 저녁에 혼자서 파스타를 드셨다.,far,아버지께서,께서,파스타를 드셨다,드셨다,True,True
2,133,no_honorific,아버지가 어제 저녁에 혼자서 호통을 쳤다.,far,아버지가,가,호통을 쳤다,쳤다,True,True
2,133,verb_only,아버지가 어제 저녁에 혼자서 호통을 치셨다.,far,아버지가,가,호통을 치셨다,치셨다,False,True
2,133,noun_only,아버지께서 어제 저녁에 혼자서 호통을 쳤다.,far,아버지께서,께서,호통을 쳤다,쳤다,False,False
2,133,all_honorific,아버지께서 어제 저녁에 혼자서 호통을 치셨다.,far,아버지께서,께서,호통을 치셨다,치셨다,True,True
2,134,no_honorific,아버지가 어제 저녁에 혼자서 핸드폰을 샀다.,far,아버지가,가,핸드폰을 샀다,샀다,True,True
2,134,verb_only,아버지가 어제 저녁에 혼자서 핸드폰을 사셨다.,far,아버지가,가,핸드폰을 사셨다,사셨다,False,True
2,134,noun_only,아버지께서 어제 저녁에 혼자서 핸드폰을 샀다.,far,아버지께서,께서,핸드폰을 샀다,샀다,False,False
2,134,all_honorific,아버지께서 어제 저녁에 혼자서 핸드폰을 사셨다.,far,아버지께서,께서,핸드폰을 사셨다,사셨다,True,True
2,135,no_honorific,아버지가 어제 저녁에 혼자서 편지를 썼다.,far,아버지가,가,편지를 썼다,썼다,True,True
2,135,verb_only,아버지가 어제 저녁에 혼자서 편지를 쓰셨다.,far,아버지가,가,편지를 쓰셨다,쓰셨다,False,True
2,135,noun_only,아버지께서 어제 저녁에 혼자서 편지를 썼다.,far,아버지께서,께서,편지를 썼다,썼다,False,False
2,135,all_honorific,아버지께서 어제 저녁에 혼자서 편지를 쓰셨다.,far,아버지께서,께서,편지를 쓰셨다,쓰셨다,True,True
2,136,no_honorific,아버지가 어제 저녁에 혼자서 노래를 불렀다.,far,아버지가,가,노래를 불렀다,불렀다,True,True
2,136,verb_only,아버지가 어제 저녁에 혼자서 노래를 부르셨다.,far,아버지가,가,노래를 부르셨다,부르셨다,False,True
2,136,noun_only,아버지께서 어제 저녁에 혼자서 노래를 불렀다.,far,아버지께서,께서,노래를 불렀다,불렀다,False,False
2,136,all_honorific,아버지께서 어제 저녁에 혼자서 노래를 부르셨다.,far,아버지께서,께서,노래를 부르셨다,부르셨다,True,True
2,137,no_honorific,아버지가 어제 저녁에 혼자서 티비를 봤다.,far,아버지가,가,티비를 봤다,봤다,True,True
2,137,verb_only,아버지가 어제 저녁에 혼자서 티비를 보셨다.,far,아버지가,가,티비를 보셨다,보셨다,False,True
2,137,noun_only,아버지께서 어제 저녁에 혼자서 티비를 봤다.,far,아버지께서,께서,티비를 봤다,봤다,False,False
2,137,all_honorific,아버지께서 어제 저녁에 혼자서 티비를 보셨다.,far,아버지께서,께서,티비를 보셨다,보셨다,True,True
2,138,no_honorific,아버지가 어제 저녁에 혼자서 산책을 했다.,far,아버지가,가,산책을 했다,했다,True,True
2,138,verb_only,아버지가 어제 저녁에 혼자서 산책을 하셨다.,far,아버지가,가,산책을 하셨다,하셨다,False,True
2,138,noun_only,아버지께서 어제 저녁에 혼자서 산책을 했다.,far,아버지께서,께서,산책을 했다,했다,False,False
2,138,all_honorific,아버지께서 어제 저녁에 혼자서 산책을 하셨다.,far,아버지께서,께서,산책을 하셨다,하셨다,True,True
2,139,no_honorific,아버지가 어제 저녁에 혼자서 정원을 가꿨다.,far,아버지가,가,정원을 가꿨다,가꿨다,True,True
2,139,verb_only,아버지가 어제 저녁에 혼자서 정원을 가꾸셨다.,far,아버지가,가,정원을 가꾸셨다,가꾸셨다,False,True
2,139,noun_only,아버지께서 어제 저녁에 혼자서 정원을 가꿨다.,far,아버지께서,께서,정원을 가꿨다,가꿨다,False,False
2,139,all_honorific,아버지께서 어제 저녁에 혼자서 정원을 가꾸셨다.,far,아버지께서,께서,정원을 가꾸셨다,가꾸셨다,True,True
2,140,no_honorific,아버지가 어제 저녁에 혼자서 빨래를 널었다.,far,아버지가,가,빨래를 널었다,널었다,True,True
2,140,verb_only,아버지가 어제 저녁에 혼자서 빨래를 널으셨다.,far,아버지가,가,빨래를 널으셨다,널으셨다,False,True
2,140,noun_only,아버지께서 어제 저녁에 혼자서 빨래를 널었다.,far,아버지께서,께서,빨래를 널었다,널었다,False,False
2,140,all_honorific,아버지께서 어제 저녁에 혼자서 빨래를 널으셨다.,far,아버지께서,께서,빨래를 널으셨다,널으셨다,True,True
2,141,no_honorific,할머니가 어제 저녁에 혼자서 책을 읽었다.,far,할머니가,가,책을 읽었다,읽었다,True,True
2,141,verb_only,할머니가 어제 저녁에 혼자서 책을 읽으셨다.,far,할머니가,가,책을 읽으셨다,읽으셨다,False,True
2,141,noun_only,할머니께서 어제 저녁에 혼자서 책을 읽었다.,far,할머니께서,께서,책을 읽었다,읽었다,False,False
2,141,all_honorific,할머니께서 어제 저녁에 혼자서 책을 읽으셨다.,far,할머니께서,께서,책을 읽으셨다,읽으셨다,True,True
2,142,no_honorific,할머니가 어제 저녁에 혼자서 파스타를 먹었다.,far,할머니가,가,파스타를 먹었다,먹었다,True,True
2,142,verb_only,할머니가 어제 저녁에 혼자서 파스타를 드셨다.,far,할머니가,가,파스타를 드셨다,드셨다,False,True
2,142,noun_only,할머니께서 어제 저녁에 혼자서 파스타를 먹었다.,far,할머니께서,께서,파스타를 먹었다,먹었다,False,False
2,142,all_honorific,할머니께서 어제 저녁에 혼자서 파스타를 드셨다.,far,할머니께서,께서,파스타를 드셨다,드셨다,True,True
2,143,no_honorific,할머니가 어제 저녁에 혼자서 호통을 쳤다.,far,할머니가,가,호통을 쳤다,쳤다,True,True
2,143,verb_only,할머니가 어제 저녁에 혼자서 호통을 치셨다.,far,할머니가,가,호통을 치셨다,치셨다,False,True
2,143,noun_only,할머니께서 어제 저녁에 혼자서 호통을 쳤다.,far,할머니께서,께서,호통을 쳤다,쳤다,False,False
2,143,all_honorific,할머니께서 어제 저녁에 혼자서 호통을 치셨다.,far,할머니께서,께서,호통을 치셨다,치셨다,True,True
2,144,no_honorific,할머니가 어제 저녁에 혼자서 핸드폰을 샀다.,far,할머니가,가,핸드폰을 샀다,샀다,True,True
2,144,verb_only,할머니가 어제 저녁에 혼자서 핸드폰을 사셨다.,far,할머니가,가,핸드폰을 사셨다,사셨다,False,True
2,144,noun_only,할머니께서 어제 저녁에 혼자서 핸드폰을 샀다.,far,할머니께서,께서,핸드폰을 샀다,샀다,False,False
2,144,all_honorific,할머니께서 어제 저녁에 혼자서 핸드폰을 사셨다.,far,할머니께서,께서,핸드폰을 사셨다,사셨다,True,True
2,145,no_honorific,할머니가 어제 저녁에 혼자서 편지를 썼다.,far,할머니가,가,편지를 썼다,썼다,True,True
2,145,verb_only,할머니가 어제 저녁에 혼자서 편지를 쓰셨다.,far,할머니가,가,편지를 쓰셨다,쓰셨다,False,True
2,145,noun_only,할머니께서 어제 저녁에 혼자서 편지를 썼다.,far,할머니께서,께서,편지를 썼다,썼다,False,False
2,145,all_honorific,할머니께서 어제 저녁에 혼자서 편지를 쓰셨다.,far,할머니께서,께서,편지를 쓰셨다,쓰셨다,True,True
2,146,no_honorific,할머니가 어제 저녁에 혼자서 노래를 불렀다.,far,할머니가,가,노래를 불렀다,불렀다,True,True
2,146,verb_only,할머니가 어제 저녁에 혼자서 노래를 부르셨다.,far,할머니가,가,노래를 부르셨다,부르셨다,False,True
2,146,noun_only,할머니께서 어제 저녁에 혼자서 노래를 불렀다.,far,할머니께서,께서,노래를 불렀다,불렀다,False,False
2,146,all_honorific,할머니께서 어제 저녁에 혼자서 노래를 부르셨다.,far,할머니께서,께서,노래를 부르셨다,부르셨다,True,True
2,147,no_honorific,할머니가 어제 저녁에 혼자서 티비를 봤다.,far,할머니가,가,티비를 봤다,봤다,True,True
2,147,verb_only,할머니가 어제 저녁에 혼자서 티비를 보셨다.,far,할머니가,가,티비를 보셨다,보셨다,False,True
2,147,noun_only,할머니께서 어제 저녁에 혼자서 티비를 봤다.,far,할머니께서,께서,티비를 봤다,봤다,False,False
2,147,all_honorific,할머니께서 어제 저녁에 혼자서 티비를 보셨다.,far,할머니께서,께서,티비를 보셨다,보셨다,True,True
2,148,no_honorific,할머니가 어제 저녁에 혼자서 산책을 했다.,far,할머니가,가,산책을 했다,했다,True,True
2,148,verb_only,할머니가 어제 저녁에 혼자서 산책을 하셨다.,far,할머니가,가,산책을 하셨다,하셨다,False,True
2,148,noun_only,할머니께서 어제 저녁에 혼자서 산책을 했다.,far,할머니께서,께서,산책을 했다,했다,False,False
2,148,all_honorific,할머니께서 어제 저녁에 혼자서 산책을 하셨다.,far,할머니께서,께서,산책을 하셨다,하셨다,True,True
2,149,no_honorific,할머니가 어제 저녁에 혼자서 정원을 가꿨다.,far,할머니가,가,정원을 가꿨다,가꿨다,True,True
2,149,verb_only,할머니가 어제 저녁에 혼자서 정원을 가꾸셨다.,far,할머니가,가,정원을 가꾸셨다,가꾸셨다,False,True
2,149,noun_only,할머니께서 어제 저녁에 혼자서 정원을 가꿨다.,far,할머니께서,께서,정원을 가꿨다,가꿨다,False,False
2,149,all_honorific,할머니께서 어제 저녁에 혼자서 정원을 가꾸셨다.,far,할머니께서,께서,정원을 가꾸셨다,가꾸셨다,True,True
2,150,no_honorific,할머니가 어제 저녁에 혼자서 빨래를 널었다.,far,할머니가,가,빨래를 널었다,널었다,True,True
2,150,verb_only,할머니가 어제 저녁에 혼자서 빨래를 널으셨다.,far,할머니가,가,빨래를 널으셨다,널으셨다,False,True
2,150,noun_only,할머니께서 어제 저녁에 혼자서 빨래를 널었다.,far,할머니께서,께서,빨래를 널었다,널었다,False,False
2,150,all_honorific,할머니께서 어제 저녁에 혼자서 빨래를 널으셨다.,far,할머니께서,께서,빨래를 널으셨다,널으셨다,True,True
2,151,no_honorific,할아버지가 어제 저녁에 혼자서 책을 읽었다.,far,할아버지가,가,책을 읽었다,읽었다,True,True
2,151,verb_only,할아버지가 어제 저녁에 혼자서 책을 읽으셨다.,far,할아버지가,가,책을 읽으셨다,읽으셨다,False,True
2,151,noun_only,할아버지께서 어제 저녁에 혼자서 책을 읽었다.,far,할아버지께서,께서,책을 읽었다,읽었다,False,False
2,151,all_honorific,할아버지께서 어제 저녁에 혼자서 책을 읽으셨다.,far,할아버지께서,께서,책을 읽으셨다,읽으셨다,True,True
2,152,no_honorific,할아버지가 어제 저녁에 혼자서 파스타를 먹었다.,far,할아버지가,가,파스타를 먹었다,먹었다,True,True
2,152,verb_only,할아버지가 어제 저녁에 혼자서 파스타를 드셨다.,far,할아버지가,가,파스타를 드셨다,드셨다,False,True
2,152,noun_only,할아버지께서 어제 저녁에 혼자서 파스타를 먹었다.,far,할아버지께서,께서,파스타를 먹었다,먹었다,False,False
2,152,all_honorific,할아버지께서 어제 저녁에 혼자서 파스타를 드셨다.,far,할아버지께서,께서,파스타를 드셨다,드셨다,True,True
2,153,no_honorific,할아버지가 어제 저녁에 혼자서 호통을 쳤다.,far,할아버지가,가,호통을 쳤다,쳤다,True,True
2,153,verb_only,할아버지가 어제 저녁에 혼자서 호통을 치셨다.,far,할아버지가,가,호통을 치셨다,치셨다,False,True
2,153,noun_only,할아버지께서 어제 저녁에 혼자서 호통을 쳤다.,far,할아버지께서,께서,호통을 쳤다,쳤다,False,False
2,153,all_honorific,할아버지께서 어제 저녁에 혼자서 호통을 치셨다.,far,할아버지께서,께서,호통을 치셨다,치셨다,True,True
2,154,no_honorific,할아버지가 어제 저녁에 혼자서 핸드폰을 샀다.,far,할아버지가,가,핸드폰을 샀다,샀다,True,True
2,154,verb_only,할아버지가 어제 저녁에 혼자서 핸드폰을 사셨다.,far,할아버지가,가,핸드폰을 사셨다,사셨다,False,True
2,154,noun_only,할아버지께서 어제 저녁에 혼자서 핸드폰을 샀다.,far,할아버지께서,께서,핸드폰을 샀다,샀다,False,False
2,154,all_honorific,할아버지께서 어제 저녁에 혼자서 핸드폰을 사셨다.,far,할아버지께서,께서,핸드폰을 사셨다,사셨다,True,True
2,155,no_honorific,할아버지가 어제 저녁에 혼자서 편지를 썼다.,far,할아버지가,가,편지를 썼다,썼다,True,True
2,155,verb_only,할아버지가 어제 저녁에 혼자서 편지를 쓰셨다.,far,할아버지가,가,편지를 쓰셨다,쓰셨다,False,True
2,155,noun_only,할아버지께서 어제 저녁에 혼자서 편지를 썼다.,far,할아버지께서,께서,편지를 썼다,썼다,False,False
2,155,all_honorific,할아버지께서 어제 저녁에 혼자서 편지를 쓰셨다.,far,할아버지께서,께서,편지를 쓰셨다,쓰셨다,True,True
2,156,no_honorific,할아버지가 어제 저녁에 혼자서 노래를 불렀다.,far,할아버지가,가,노래를 불렀다,불렀다,True,True
2,156,verb_only,할아버지가 어제 저녁에 혼자서 노래를 부르셨다.,far,할아버지가,가,노래를 부르셨다,부르셨다,False,True
2,156,noun_only,할아버지께서 어제 저녁에 혼자서 노래를 불렀다.,far,할아버지께서,께서,노래를 불렀다,불렀다,False,False
2,156,all_honorific,할아버지께서 어제 저녁에 혼자서 노래를 부르셨다.,far,할아버지께서,께서,노래를 부르셨다,부르셨다,True,True
2,157,no_honorific,할아버지가 어제 저녁에 혼자서 티비를 봤다.,far,할아버지가,가,티비를 봤다,봤다,True,True
2,157,verb_only,할아버지가 어제 저녁에 혼자서 티비를 보셨다.,far,할아버지가,가,티비를 보셨다,보셨다,False,True
2,157,noun_only,할아버지께서 어제 저녁에 혼자서 티비를 봤다.,far,할아버지께서,께서,티비를 봤다,봤다,False,False
2,157,all_honorific,할아버지께서 어제 저녁에 혼자서 티비를 보셨다.,far,할아버지께서,께서,티비를 보셨다,보셨다,True,True
2,158,no_honorific,할아버지가 어제 저녁에 혼자서 산책을 했다.,far,할아버지가,가,산책을 했다,했다,True,True
2,158,verb_only,할아버지가 어제 저녁에 혼자서 산책을 하셨다.,far,할아버지가,가,산책을 하셨다,하셨다,False,True
2,158,noun_only,할아버지께서 어제 저녁에 혼자서 산책을 했다.,far,할아버지께서,께서,산책을 했다,했다,False,False
2,158,all_honorific,할아버지께서 어제 저녁에 혼자서 산책을 하셨다.,far,할아버지께서,께서,산책을 하셨다,하셨다,True,True
2,159,no_honorific,할아버지가 어제 저녁에 혼자서 정원을 가꿨다.,far,할아버지가,가,정원을 가꿨다,가꿨다,True,True
2,159,verb_only,할아버지가 어제 저녁에 혼자서 정원을 가꾸셨다.,far,할아버지가,가,정원을 가꾸셨다,가꾸셨다,False,True
2,159,noun_only,할아버지께서 어제 저녁에 혼자서 정원을 가꿨다.,far,할아버지께서,께서,정원을 가꿨다,가꿨다,False,False
2,159,all_honorific,할아버지께서 어제 저녁에 혼자서 정원을 가꾸셨다.,far,할아버지께서,께서,정원을 가꾸셨다,가꾸셨다,True,True
2,160,no_honorific,할아버지가 어제 저녁에 혼자서 빨래를 널었다.,far,할아버지가,가,빨래를 널었다,널었다,True,True
2,160,verb_only,할아버지가 어제 저녁에 혼자서 빨래를 널으셨다.,far,할아버지가,가,빨래를 널으셨다,널으셨다,False,True
2,160,noun_only,할아버지께서 어제 저녁에 혼자서 빨래를 널었다.,far,할아버지께서,께서,빨래를 널었다,널었다,False,False
2,160,all_honorific,할아버지께서 어제 저녁에 혼자서 빨래를 널으셨다.,far,할아버지께서,께서,빨래를 널으셨다,널으셨다,True,True
2,161,no_honorific,사장님이 어제 저녁에 혼자서 책을 읽었다.,far,사장님이,이,책을 읽었다,읽었다,True,True
2,161,verb_only,사장님이 어제 저녁에 혼자서 책을 읽으셨다.,far,사장님이,이,책을 읽으셨다,읽으셨다,False,True
2,161,noun_only,사장님께서 어제 저녁에 혼자서 책을 읽었다.,far,사장님께서,께서,책을 읽었다,읽었다,False,False
2,161,all_honorific,사장님께서 어제 저녁에 혼자서 책을 읽으셨다.,far,사장님께서,께서,책을 읽으셨다,읽으셨다,True,True
2,162,no_honorific,사장님이 어제 저녁에 혼자서 파스타를 먹었다.,far,사장님이,이,파스타를 먹었다,먹었다,True,True
2,162,verb_only,사장님이 어제 저녁에 혼자서 파스타를 드셨다.,far,사장님이,이,파스타를 드셨다,드셨다,False,True
2,162,noun_only,사장님께서 어제 저녁에 혼자서 파스타를 먹었다.,far,사장님께서,께서,파스타를 먹었다,먹었다,False,False
2,162,all_honorific,사장님께서 어제 저녁에 혼자서 파스타를 드셨다.,far,사장님께서,께서,파스타를 드셨다,드셨다,True,True
2,163,no_honorific,사장님이 어제 저녁에 혼자서 호통을 쳤다.,far,사장님이,이,호통을 쳤다,쳤다,True,True
2,163,verb_only,사장님이 어제 저녁에 혼자서 호통을 치셨다.,far,사장님이,이,호통을 치셨다,치셨다,False,True
2,163,noun_only,사장님께서 어제 저녁에 혼자서 호통을 쳤다.,far,사장님께서,께서,호통을 쳤다,쳤다,False,False
2,163,all_honorific,사장님께서 어제 저녁에 혼자서 호통을 치셨다.,far,사장님께서,께서,호통을 치셨다,치셨다,True,True
2,164,no_honorific,사장님이 어제 저녁에 혼자서 핸드폰을 샀다.,far,사장님이,이,핸드폰을 샀다,샀다,True,True
2,164,verb_only,사장님이 어제 저녁에 혼자서 핸드폰을 사셨다.,far,사장님이,이,핸드폰을 사셨다,사셨다,False,True
2,164,noun_only,사장님께서 어제 저녁에 혼자서 핸드폰을 샀다.,far,사장님께서,께서,핸드폰을 샀다,샀다,False,False
2,164,all_honorific,사장님께서 어제 저녁에 혼자서 핸드폰을 사셨다.,far,사장님께서,께서,핸드폰을 사셨다,사셨다,True,True
2,165,no_honorific,사장님이 어제 저녁에 혼자서 편지를 썼다.,far,사장님이,이,편지를 썼다,썼다,True,True
2,165,verb_only,사장님이 어제 저녁에 혼자서 편지를 쓰셨다.,far,사장님이,이,편지를 쓰셨다,쓰셨다,False,True
2,165,noun_only,사장님께서 어제 저녁에 혼자서 편지를 썼다.,far,사장님께서,께서,편지를 썼다,썼다,False,False
2,165,all_honorific,사장님께서 어제 저녁에 혼자서 편지를 쓰셨다.,far,사장님께서,께서,편지를 쓰셨다,쓰셨다,True,True
2,166,no_honorific,사장님이 어제 저녁에 혼자서 노래를 불렀다.,far,사장님이,이,노래를 불렀다,불렀다,True,True
2,166,verb_only,사장님이 어제 저녁에 혼자서 노래를 부르셨다.,far,사장님이,이,노래를 부르셨다,부르셨다,False,True
2,166,noun_only,사장님께서 어제 저녁에 혼자서 노래를 불렀다.,far,사장님께서,께서,노래를 불렀다,불렀다,False,False
2,166,all_honorific,사장님께서 어제 저녁에 혼자서 노래를 부르셨다.,far,사장님께서,께서,노래를 부르셨다,부르셨다,True,True
2,167,no_honorific,사장님이 어제 저녁에 혼자서 티비를 봤다.,far,사장님이,이,티비를 봤다,봤다,True,True
2,167,verb_only,사장님이 어제 저녁에 혼자서 티비를 보셨다.,far,사장님이,이,티비를 보셨다,보셨다,False,True
2,167,noun_only,사장님께서 어제 저녁에 혼자서 티비를 봤다.,far,사장님께서,께서,티비를 봤다,봤다,False,False
2,167,all_honorific,사장님께서 어제 저녁에 혼자서 티비를 보셨다.,far,사장님께서,께서,티비를 보셨다,보셨다,True,True
2,168,no_honorific,사장님이 어제 저녁에 혼자서 산책을 했다.,far,사장님이,이,산책을 했다,했다,True,True
2,168,verb_only,사장님이 어제 저녁에 혼자서 산책을 하셨다.,far,사장님이,이,산책을 하셨다,하셨다,False,True
2,168,noun_only,사장님께서 어제 저녁에 혼자서 산책을 했다.,far,사장님께서,께서,산책을 했다,했다,False,False
2,168,all_honorific,사장님께서 어제 저녁에 혼자서 산책을 하셨다.,far,사장님께서,께서,산책을 하셨다,하셨다,True,True
2,169,no_honorific,사장님이 어제 저녁에 혼자서 정원을 가꿨다.,far,사장님이,이,정원을 가꿨다,가꿨다,True,True
2,169,verb_only,사장님이 어제 저녁에 혼자서 정원을 가꾸셨다.,far,사장님이,이,정원을 가꾸셨다,가꾸셨다,False,True
2,169,noun_only,사장님께서 어제 저녁에 혼자서 정원을 가꿨다.,far,사장님께서,께서,정원을 가꿨다,가꿨다,False,False
2,169,all_honorific,사장님께서 어제 저녁에 혼자서 정원을 가꾸셨다.,far,사장님께서,께서,정원을 가꾸셨다,가꾸셨다,True,True
2,170,no_honorific,사장님이 어제 저녁에 혼자서 빨래를 널었다.,far,사장님이,이,빨래를 널었다,널었다,True,True
2,170,verb_only,사장님이 어제 저녁에 혼자서 빨래를 널으셨다.,far,사장님이,이,빨래를 널으셨다,널으셨다,False,True
2,170,noun_only,사장님께서 어제 저녁에 혼자서 빨래를 널었다.,far,사장님께서,께서,빨래를 널었다,널었다,False,False
2,170,all_honorific,사장님께서 어제 저녁에 혼자서 빨래를 널으셨다.,far,사장님께서,께서,빨래를 널으셨다,널으셨다,True,True
2,171,no_honorific,팀장님이 어제 저녁에 혼자서 책을 읽었다.,far,팀장님이,이,책을 읽었다,읽었다,True,True
2,171,verb_only,팀장님이 어제 저녁에 혼자서 책을 읽으셨다.,far,팀장님이,이,책을 읽으셨다,읽으셨다,False,True
2,171,noun_only,팀장님께서 어제 저녁에 혼자서 책을 읽었다.,far,팀장님께서,께서,책을 읽었다,읽었다,False,False
2,171,all_honorific,팀장님께서 어제 저녁에 혼자서 책을 읽으셨다.,far,팀장님께서,께서,책을 읽으셨다,읽으셨다,True,True
2,172,no_honorific,팀장님이 어제 저녁에 혼자서 파스타를 먹었다.,far,팀장님이,이,파스타를 먹었다,먹었다,True,True
2,172,verb_only,팀장님이 어제 저녁에 혼자서 파스타를 드셨다.,far,팀장님이,이,파스타를 드셨다,드셨다,False,True
2,172,noun_only,팀장님께서 어제 저녁에 혼자서 파스타를 먹었다.,far,팀장님께서,께서,파스타를 먹었다,먹었다,False,False
2,172,all_honorific,팀장님께서 어제 저녁에 혼자서 파스타를 드셨다.,far,팀장님께서,께서,파스타를 드셨다,드셨다,True,True
2,173,no_honorific,팀장님이 어제 저녁에 혼자서 호통을 쳤다.,far,팀장님이,이,호통을 쳤다,쳤다,True,True
2,173,verb_only,팀장님이 어제 저녁에 혼자서 호통을 치셨다.,far,팀장님이,이,호통을 치셨다,치셨다,False,True
2,173,noun_only,팀장님께서 어제 저녁에 혼자서 호통을 쳤다.,far,팀장님께서,께서,호통을 쳤다,쳤다,False,False
2,173,all_honorific,팀장님께서 어제 저녁에 혼자서 호통을 치셨다.,far,팀장님께서,께서,호통을 치셨다,치셨다,True,True
2,174,no_honorific,팀장님이 어제 저녁에 혼자서 핸드폰을 샀다.,far,팀장님이,이,핸드폰을 샀다,샀다,True,True
2,174,verb_only,팀장님이 어제 저녁에 혼자서 핸드폰을 사셨다.,far,팀장님이,이,핸드폰을 사셨다,사셨다,False,True
2,174,noun_only,팀장님께서 어제 저녁에 혼자서 핸드폰을 샀다.,far,팀장님께서,께서,핸드폰을 샀다,샀다,False,False
2,174,all_honorific,팀장님께서 어제 저녁에 혼자서 핸드폰을 사셨다.,far,팀장님께서,께서,핸드폰을 사셨다,사셨다,True,True
2,175,no_honorific,팀장님이 어제 저녁에 혼자서 편지를 썼다.,far,팀장님이,이,편지를 썼다,썼다,True,True
2,175,verb_only,팀장님이 어제 저녁에 혼자서 편지를 쓰셨다.,far,팀장님이,이,편지를 쓰셨다,쓰셨다,False,True
2,175,noun_only,팀장님께서 어제 저녁에 혼자서 편지를 썼다.,far,팀장님께서,께서,편지를 썼다,썼다,False,False
2,175,all_honorific,팀장님께서 어제 저녁에 혼자서 편지를 쓰셨다.,far,팀장님께서,께서,편지를 쓰셨다,쓰셨다,True,True
2,176,no_honorific,팀장님이 어제 저녁에 혼자서 노래를 불렀다.,far,팀장님이,이,노래를 불렀다,불렀다,True,True
2,176,verb_only,팀장님이 어제 저녁에 혼자서 노래를 부르셨다.,far,팀장님이,이,노래를 부르셨다,부르셨다,False,True
2,176,noun_only,팀장님께서 어제 저녁에 혼자서 노래를 불렀다.,far,팀장님께서,께서,노래를 불렀다,불렀다,False,False
2,176,all_honorific,팀장님께서 어제 저녁에 혼자서 노래를 부르셨다.,far,팀장님께서,께서,노래를 부르셨다,부르셨다,True,True
2,177,no_honorific,팀장님이 어제 저녁에 혼자서 티비를 봤다.,far,팀장님이,이,티비를 봤다,봤다,True,True
2,177,verb_only,팀장님이 어제 저녁에 혼자서 티비를 보셨다.,far,팀장님이,이,티비를 보셨다,보셨다,False,True
2,177,noun_only,팀장님께서 어제 저녁에 혼자서 티비를 봤다.,far,팀장님께서,께서,티비를 봤다,봤다,False,False
2,177,all_honorific,팀장님께서 어제 저녁에 혼자서 티비를 보셨다.,far,팀장님께서,께서,티비를 보셨다,보셨다,True,True
2,178,no_honorific,팀장님이 어제 저녁에 혼자서 산책을 했다.,far,팀장님이,이,산책을 했다,했다,True,True
2,178,verb_only,팀장님이 어제 저녁에 혼자서 산책을 하셨다.,far,팀장님이,이,산책을 하셨다,하셨다,False,True
2,178,noun_only,팀장님께서 어제 저녁에 혼자서 산책을 했다.,far,팀장님께서,께서,산책을 했다,했다,False,False
2,178,all_honorific,팀장님께서 어제 저녁에 혼자서 산책을 하셨다.,far,팀장님께서,께서,산책을 하셨다,하셨다,True,True
2,179,no_honorific,팀장님이 어제 저녁에 혼자서 정원을 가꿨다.,far,팀장님이,이,정원을 가꿨다,가꿨다,True,True
2,179,verb_only,팀장님이 어제 저녁에 혼자서 정원을 가꾸셨다.,far,팀장님이,이,정원을 가꾸셨다,가꾸셨다,False,True
2,179,noun_only,팀장님께서 어제 저녁에 혼자서 정원을 가꿨다.,far,팀장님께서,께서,정원을 가꿨다,가꿨다,False,False
2,179,all_honorific,팀장님께서 어제 저녁에 혼자서 정원을 가꾸셨다.,far,팀장님께서,께서,정원을 가꾸셨다,가꾸셨다,True,True
2,180,no_honorific,팀장님이 어제 저녁에 혼자서 빨래를 널었다.,far,팀장님이,이,빨래를 널었다,널었다,True,True
2,180,verb_only,팀장님이 어제 저녁에 혼자서 빨래를 널으셨다.,far,팀장님이,이,빨래를 널으셨다,널으셨다,False,True
2,180,noun_only,팀장님께서 어제 저녁에 혼자서 빨래를 널었다.,far,팀장님께서,께서,빨래를 널었다,널었다,False,False
2,180,all_honorific,팀장님께서 어제 저녁에 혼자서 빨래를 널으셨다.,far,팀장님께서,께서,빨래를 널으셨다,널으셨다,True,True
2,181,no_honorific,이모님이 어제 저녁에 혼자서 책을 읽었다.,far,이모님이,이,책을 읽었다,읽었다,True,True
2,181,verb_only,이모님이 어제 저녁에 혼자서 책을 읽으셨다.,far,이모님이,이,책을 읽으셨다,읽으셨다,False,True
2,181,noun_only,이모님께서 어제 저녁에 혼자서 책을 읽었다.,far,이모님께서,께서,책을 읽었다,읽었다,False,False
2,181,all_honorific,이모님께서 어제 저녁에 혼자서 책을 읽으셨다.,far,이모님께서,께서,책을 읽으셨다,읽으셨다,True,True
2,182,no_honorific,이모님이 어제 저녁에 혼자서 파스타를 먹었다.,far,이모님이,이,파스타를 먹었다,먹었다,True,True
2,182,verb_only,이모님이 어제 저녁에 혼자서 파스타를 드셨다.,far,이모님이,이,파스타를 드셨다,드셨다,False,True
2,182,noun_only,이모님께서 어제 저녁에 혼자서 파스타를 먹었다.,far,이모님께서,께서,파스타를 먹었다,먹었다,False,False
2,182,all_honorific,이모님께서 어제 저녁에 혼자서 파스타를 드셨다.,far,이모님께서,께서,파스타를 드셨다,드셨다,True,True
2,183,no_honorific,이모님이 어제 저녁에 혼자서 호통을 쳤다.,far,이모님이,이,호통을 쳤다,쳤다,True,True
2,183,verb_only,이모님이 어제 저녁에 혼자서 호통을 치셨다.,far,이모님이,이,호통을 치셨다,치셨다,False,True
2,183,noun_only,이모님께서 어제 저녁에 혼자서 호통을 쳤다.,far,이모님께서,께서,호통을 쳤다,쳤다,False,False
2,183,all_honorific,이모님께서 어제 저녁에 혼자서 호통을 치셨다.,far,이모님께서,께서,호통을 치셨다,치셨다,True,True
2,184,no_honorific,이모님이 어제 저녁에 혼자서 핸드폰을 샀다.,far,이모님이,이,핸드폰을 샀다,샀다,True,True
2,184,verb_only,이모님이 어제 저녁에 혼자서 핸드폰을 사셨다.,far,이모님이,이,핸드폰을 사셨다,사셨다,False,True
2,184,noun_only,이모님께서 어제 저녁에 혼자서 핸드폰을 샀다.,far,이모님께서,께서,핸드폰을 샀다,샀다,False,False
2,184,all_honorific,이모님께서 어제 저녁에 혼자서 핸드폰을 사셨다.,far,이모님께서,께서,핸드폰을 사셨다,사셨다,True,True
2,185,no_honorific,이모님이 어제 저녁에 혼자서 편지를 썼다.,far,이모님이,이,편지를 썼다,썼다,True,True
2,185,verb_only,이모님이 어제 저녁에 혼자서 편지를 쓰셨다.,far,이모님이,이,편지를 쓰셨다,쓰셨다,False,True
2,185,noun_only,이모님께서 어제 저녁에 혼자서 편지를 썼다.,far,이모님께서,께서,편지를 썼다,썼다,False,False
2,185,all_honorific,이모님께서 어제 저녁에 혼자서 편지를 쓰셨다.,far,이모님께서,께서,편지를 쓰셨다,쓰셨다,True,True
2,186,no_honorific,이모님이 어제 저녁에 혼자서 노래를 불렀다.,far,이모님이,이,노래를 불렀다,불렀다,True,True
2,186,verb_only,이모님이 어제 저녁에 혼자서 노래를 부르셨다.,far,이모님이,이,노래를 부르셨다,부르셨다,False,True
2,186,noun_only,이모님께서 어제 저녁에 혼자서 노래를 불렀다.,far,이모님께서,께서,노래를 불렀다,불렀다,False,False
2,186,all_honorific,이모님께서 어제 저녁에 혼자서 노래를 부르셨다.,far,이모님께서,께서,노래를 부르셨다,부르셨다,True,True
2,187,no_honorific,이모님이 어제 저녁에 혼자서 티비를 봤다.,far,이모님이,이,티비를 봤다,봤다,True,True
2,187,verb_only,이모님이 어제 저녁에 혼자서 티비를 보셨다.,far,이모님이,이,티비를 보셨다,보셨다,False,True
2,187,noun_only,이모님께서 어제 저녁에 혼자서 티비를 봤다.,far,이모님께서,께서,티비를 봤다,봤다,False,False
2,187,all_honorific,이모님께서 어제 저녁에 혼자서 티비를 보셨다.,far,이모님께서,께서,티비를 보셨다,보셨다,True,True
2,188,no_honorific,이모님이 어제 저녁에 혼자서 산책을 했다.,far,이모님이,이,산책을 했다,했다,True,True
2,188,verb_only,이모님이 어제 저녁에 혼자서 산책을 하셨다.,far,이모님이,이,산책을 하셨다,하셨다,False,True
2,188,noun_only,이모님께서 어제 저녁에 혼자서 산책을 했다.,far,이모님께서,께서,산책을 했다,했다,False,False
2,188,all_honorific,이모님께서 어제 저녁에 혼자서 산책을 하셨다.,far,이모님께서,께서,산책을 하셨다,하셨다,True,True
2,189,no_honorific,이모님이 어제 저녁에 혼자서 정원을 가꿨다.,far,이모님이,이,정원을 가꿨다,가꿨다,True,True
2,189,verb_only,이모님이 어제 저녁에 혼자서 정원을 가꾸셨다.,far,이모님이,이,정원을 가꾸셨다,가꾸셨다,False,True
2,189,noun_only,이모님께서 어제 저녁에 혼자서 정원을 가꿨다.,far,이모님께서,께서,정원을 가꿨다,가꿨다,False,False
2,189,all_honorific,이모님께서 어제 저녁에 혼자서 정원을 가꾸셨다.,far,이모님께서,께서,정원을 가꾸셨다,가꾸셨다,True,True
2,190,no_honorific,이모님이 어제 저녁에 혼자서 빨래를 널었다.,far,이모님이,이,빨래를 널었다,널었다,True,True
2,190,verb_only,이모님이 어제 저녁에 혼자서 빨래를 널으셨다.,far,이모님이,이,빨래를 널으셨다,널으셨다,False,True
2,190,noun_only,이모님께서 어제 저녁에 혼자서 빨래를 널었다.,far,이모님께서,께서,빨래를 널었다,널었다,False,False
2,190,all_honorific,이모님께서 어제 저녁에 혼자서 빨래를 널으셨다.,far,이모님께서,께서,빨래를 널으셨다,널으셨다,True,True
2,191,no_honorific,손님이 어제 저녁에 혼자서 책을 읽었다.,far,손님이,이,책을 읽었다,읽었다,True,True
2,191,verb_only,손님이 어제 저녁에 혼자서 책을 읽으셨다.,far,손님이,이,책을 읽으셨다,읽으셨다,False,True
2,191,noun_only,손님께서 어제 저녁에 혼자서 책을 읽었다.,far,손님께서,께서,책을 읽었다,읽었다,False,False
2,191,all_honorific,손님께서 어제 저녁에 혼자서 책을 읽으셨다.,far,손님께서,께서,책을 읽으셨다,읽으셨다,True,True
2,192,no_honorific,손님이 어제 저녁에 혼자서 파스타를 먹었다.,far,손님이,이,파스타를 먹었다,먹었다,True,True
2,192,verb_only,손님이 어제 저녁에 혼자서 파스타를 드셨다.,far,손님이,이,파스타를 드셨다,드셨다,False,True
2,192,noun_only,손님께서 어제 저녁에 혼자서 파스타를 먹었다.,far,손님께서,께서,파스타를 먹었다,먹었다,False,False
2,192,all_honorific,손님께서 어제 저녁에 혼자서 파스타를 드셨다.,far,손님께서,께서,파스타를 드셨다,드셨다,True,True
2,193,no_honorific,손님이 어제 저녁에 혼자서 호통을 쳤다.,far,손님이,이,호통을 쳤다,쳤다,True,True
2,193,verb_only,손님이 어제 저녁에 혼자서 호통을 치셨다.,far,손님이,이,호통을 치셨다,치셨다,False,True
2,193,noun_only,손님께서 어제 저녁에 혼자서 호통을 쳤다.,far,손님께서,께서,호통을 쳤다,쳤다,False,False
2,193,all_honorific,손님께서 어제 저녁에 혼자서 호통을 치셨다.,far,손님께서,께서,호통을 치셨다,치셨다,True,True
2,194,no_honorific,손님이 어제 저녁에 혼자서 핸드폰을 샀다.,far,손님이,이,핸드폰을 샀다,샀다,True,True
2,194,verb_only,손님이 어제 저녁에 혼자서 핸드폰을 사셨다.,far,손님이,이,핸드폰을 사셨다,사셨다,False,True
2,194,noun_only,손님께서 어제 저녁에 혼자서 핸드폰을 샀다.,far,손님께서,께서,핸드폰을 샀다,샀다,False,False
2,194,all_honorific,손님께서 어제 저녁에 혼자서 핸드폰을 사셨다.,far,손님께서,께서,핸드폰을 사셨다,사셨다,True,True
2,195,no_honorific,손님이 어제 저녁에 혼자서 편지를 썼다.,far,손님이,이,편지를 썼다,썼다,True,True
2,195,verb_only,손님이 어제 저녁에 혼자서 편지를 쓰셨다.,far,손님이,이,편지를 쓰셨다,쓰셨다,False,True
2,195,noun_only,손님께서 어제 저녁에 혼자서 편지를 썼다.,far,손님께서,께서,편지를 썼다,썼다,False,False
2,195,all_honorific,손님께서 어제 저녁에 혼자서 편지를 쓰셨다.,far,손님께서,께서,편지를 쓰셨다,쓰셨다,True,True
2,196,no_honorific,손님이 어제 저녁에 혼자서 노래를 불렀다.,far,손님이,이,노래를 불렀다,불렀다,True,True
2,196,verb_only,손님이 어제 저녁에 혼자서 노래를 부르셨다.,far,손님이,이,노래를 부르셨다,부르셨다,False,True
2,196,noun_only,손님께서 어제 저녁에 혼자서 노래를 불렀다.,far,손님께서,께서,노래를 불렀다,불렀다,False,False
2,196,all_honorific,손님께서 어제 저녁에 혼자서 노래를 부르셨다.,far,손님께서,께서,노래를 부르셨다,부르셨다,True,True
2,197,no_honorific,손님이 어제 저녁에 혼자서 티비를 봤다.,far,손님이,이,티비를 봤다,봤다,True,True
2,197,verb_only,손님이 어제 저녁에 혼자서 티비를 보셨다.,far,손님이,이,티비를 보셨다,보셨다,False,True
2,197,noun_only,손님께서 어제 저녁에 혼자서 티비를 봤다.,far,손님께서,께서,티비를 봤다,봤다,False,False
2,197,all_honorific,손님께서 어제 저녁에 혼자서 티비를 보셨다.,far,손님께서,께서,티비를 보셨다,보셨다,True,True
2,198,no_honorific,손님이 어제 저녁에 혼자서 산책을 했다.,far,손님이,이,산책을 했다,했다,True,True
2,198,verb_only,손님이 어제 저녁에 혼자서 산책을 하셨다.,far,손님이,이,산책을 하셨다,하셨다,False,True
2,198,noun_only,손님께서 어제 저녁에 혼자서 산책을 했다.,far,손님께서,께서,산책을 했다,했다,False,False
2,198,all_honorific,손님께서 어제 저녁에 혼자서 산책을 하셨다.,far,손님께서,께서,산책을 하셨다,하셨다,True,True
2,199,no_honorific,손님이 어제 저녁에 혼자서 정원을 가꿨다.,far,손님이,이,정원을 가꿨다,가꿨다,True,True
2,199,verb_only,손님이 어제 저녁에 혼자서 정원을 가꾸셨다.,far,손님이,이,정원을 가꾸셨다,가꾸셨다,False,True
2,199,noun_only,손님께서 어제 저녁에 혼자서 정원을 가꿨다.,far,손님께서,께서,정원을 가꿨다,가꿨다,False,False
2,199,all_honorific,손님께서 어제 저녁에 혼자서 정원을 가꾸셨다.,far,손님께서,께서,정원을 가꾸셨다,가꾸셨다,True,True
2,200,no_honorific,손님이 어제 저녁에 혼자서 빨래를 널었다.,far,손님이,이,빨래를 널었다,널었다,True,True
2,200,verb_only,손님이 어제 저녁에 혼자서 빨래를 널으셨다.,far,손님이,이,빨래를 널으셨다,널으셨다,False,True
2,200,noun_only,손님께서 어제 저녁에 혼자서 빨래를 널었다.,far,손님께서,께서,빨래를 널었다,널었다,False,False
2,200,all_honorific,손님께서 어제 저녁에 혼자서 빨래를 널으셨다.,far,손님께서,께서,빨래를 널으셨다,널으셨다,True,True
3,1,no_honorific,어제 저녁에 혼자서 아이가 책을 읽었다.,close,아이가,가,책을 읽었다,읽었다,True,True
3,1,verb_only,어제 저녁에 혼자서 아이가 책을 읽으셨다.,close,아이가,가,책을 읽으셨다,읽으셨다,False,True
3,1,noun_only,어제 저녁에 혼자서 아이께서 책을 읽었다.,close,아이께서,께서,책을 읽었다,읽었다,False,False
3,1,all_honorific,어제 저녁에 혼자서 아이께서 책을 읽으셨다.,close,아이께서,께서,책을 읽으셨다,읽으셨다,True,True
3,2,no_honorific,어제 저녁에 혼자서 아이가 파스타를 먹었다.,close,아이가,가,파스타를 먹었다,먹었다,True,True
3,2,verb_only,어제 저녁에 혼자서 아이가 파스타를 드셨다.,close,아이가,가,파스타를 드셨다,드셨다,False,True
3,2,noun_only,어제 저녁에 혼자서 아이께서 파스타를 먹었다.,close,아이께서,께서,파스타를 먹었다,먹었다,False,False
3,2,all_honorific,어제 저녁에 혼자서 아이께서 파스타를 드셨다.,close,아이께서,께서,파스타를 드셨다,드셨다,True,True
3,3,no_honorific,어제 저녁에 혼자서 아이가 호통을 쳤다.,close,아이가,가,호통을 쳤다,쳤다,True,True
3,3,verb_only,어제 저녁에 혼자서 아이가 호통을 치셨다.,close,아이가,가,호통을 치셨다,치셨다,False,True
3,3,noun_only,어제 저녁에 혼자서 아이께서 호통을 쳤다.,close,아이께서,께서,호통을 쳤다,쳤다,False,False
3,3,all_honorific,어제 저녁에 혼자서 아이께서 호통을 치셨다.,close,아이께서,께서,호통을 치셨다,치셨다,True,True
3,4,no_honorific,어제 저녁에 혼자서 아이가 핸드폰을 샀다.,close,아이가,가,핸드폰을 샀다,샀다,True,True
3,4,verb_only,어제 저녁에 혼자서 아이가 핸드폰을 사셨다.,close,아이가,가,핸드폰을 사셨다,사셨다,False,True
3,4,noun_only,어제 저녁에 혼자서 아이께서 핸드폰을 샀다.,close,아이께서,께서,핸드폰을 샀다,샀다,False,False
3,4,all_honorific,어제 저녁에 혼자서 아이께서 핸드폰을 사셨다.,close,아이께서,께서,핸드폰을 사셨다,사셨다,True,True
3,5,no_honorific,어제 저녁에 혼자서 아이가 편지를 썼다.,close,아이가,가,편지를 썼다,썼다,True,True
3,5,verb_only,어제 저녁에 혼자서 아이가 편지를 쓰셨다.,close,아이가,가,편지를 쓰셨다,쓰셨다,False,True
3,5,noun_only,어제 저녁에 혼자서 아이께서 편지를 썼다.,close,아이께서,께서,편지를 썼다,썼다,False,False
3,5,all_honorific,어제 저녁에 혼자서 아이께서 편지를 쓰셨다.,close,아이께서,께서,편지를 쓰셨다,쓰셨다,True,True
3,6,no_honorific,어제 저녁에 혼자서 아이가 노래를 불렀다.,close,아이가,가,노래를 불렀다,불렀다,True,True
3,6,verb_only,어제 저녁에 혼자서 아이가 노래를 부르셨다.,close,아이가,가,노래를 부르셨다,부르셨다,False,True
3,6,noun_only,어제 저녁에 혼자서 아이께서 노래를 불렀다.,close,아이께서,께서,노래를 불렀다,불렀다,False,False
3,6,all_honorific,어제 저녁에 혼자서 아이께서 노래를 부르셨다.,close,아이께서,께서,노래를 부르셨다,부르셨다,True,True
3,7,no_honorific,어제 저녁에 혼자서 아이가 티비를 봤다.,close,아이가,가,티비를 봤다,봤다,True,True
3,7,verb_only,어제 저녁에 혼자서 아이가 티비를 보셨다.,close,아이가,가,티비를 보셨다,보셨다,False,True
3,7,noun_only,어제 저녁에 혼자서 아이께서 티비를 봤다.,close,아이께서,께서,티비를 봤다,봤다,False,False
3,7,all_honorific,어제 저녁에 혼자서 아이께서 티비를 보셨다.,close,아이께서,께서,티비를 보셨다,보셨다,True,True
3,8,no_honorific,어제 저녁에 혼자서 아이가 산책을 했다.,close,아이가,가,산책을 했다,했다,True,True
3,8,verb_only,어제 저녁에 혼자서 아이가 산책을 하셨다.,close,아이가,가,산책을 하셨다,하셨다,False,True
3,8,noun_only,어제 저녁에 혼자서 아이께서 산책을 했다.,close,아이께서,께서,산책을 했다,했다,False,False
3,8,all_honorific,어제 저녁에 혼자서 아이께서 산책을 하셨다.,close,아이께서,께서,산책을 하셨다,하셨다,True,True
3,9,no_honorific,어제 저녁에 혼자서 아이가 정원을 가꿨다.,close,아이가,가,정원을 가꿨다,가꿨다,True,True
3,9,verb_only,어제 저녁에 혼자서 아이가 정원을 가꾸셨다.,close,아이가,가,정원을 가꾸셨다,가꾸셨다,False,True
3,9,noun_only,어제 저녁에 혼자서 아이께서 정원을 가꿨다.,close,아이께서,께서,정원을 가꿨다,가꿨다,False,False
3,9,all_honorific,어제 저녁에 혼자서 아이께서 정원을 가꾸셨다.,close,아이께서,께서,정원을 가꾸셨다,가꾸셨다,True,True
3,10,no_honorific,어제 저녁에 혼자서 아이가 빨래를 널었다.,close,아이가,가,빨래를 널었다,널었다,True,True
3,10,verb_only,어제 저녁에 혼자서 아이가 빨래를 널으셨다.,close,아이가,가,빨래를 널으셨다,널으셨다,False,True
3,10,noun_only,어제 저녁에 혼자서 아이께서 빨래를 널었다.,close,아이께서,께서,빨래를 널었다,널었다,False,False
3,10,all_honorific,어제 저녁에 혼자서 아이께서 빨래를 널으셨다.,close,아이께서,께서,빨래를 널으셨다,널으셨다,True,True
3,11,no_honorific,어제 저녁에 혼자서 꼬마가 책을 읽었다.,close,꼬마가,가,책을 읽었다,읽었다,True,True
3,11,verb_only,어제 저녁에 혼자서 꼬마가 책을 읽으셨다.,close,꼬마가,가,책을 읽으셨다,읽으셨다,False,True
3,11,noun_only,어제 저녁에 혼자서 꼬마께서 책을 읽었다.,close,꼬마께서,께서,책을 읽었다,읽었다,False,False
3,11,all_honorific,어제 저녁에 혼자서 꼬마께서 책을 읽으셨다.,close,꼬마께서,께서,책을 읽으셨다,읽으셨다,True,True
3,12,no_honorific,어제 저녁에 혼자서 꼬마가 파스타를 먹었다.,close,꼬마가,가,파스타를 먹었다,먹었다,True,True
3,12,verb_only,어제 저녁에 혼자서 꼬마가 파스타를 드셨다.,close,꼬마가,가,파스타를 드셨다,드셨다,False,True
3,12,noun_only,어제 저녁에 혼자서 꼬마께서 파스타를 먹었다.,close,꼬마께서,께서,파스타를 먹었다,먹었다,False,False
3,12,all_honorific,어제 저녁에 혼자서 꼬마께서 파스타를 드셨다.,close,꼬마께서,께서,파스타를 드셨다,드셨다,True,True
3,13,no_honorific,어제 저녁에 혼자서 꼬마가 호통을 쳤다.,close,꼬마가,가,호통을 쳤다,쳤다,True,True
3,13,verb_only,어제 저녁에 혼자서 꼬마가 호통을 치셨다.,close,꼬마가,가,호통을 치셨다,치셨다,False,True
3,13,noun_only,어제 저녁에 혼자서 꼬마께서 호통을 쳤다.,close,꼬마께서,께서,호통을 쳤다,쳤다,False,False
3,13,all_honorific,어제 저녁에 혼자서 꼬마께서 호통을 치셨다.,close,꼬마께서,께서,호통을 치셨다,치셨다,True,True
3,14,no_honorific,어제 저녁에 혼자서 꼬마가 핸드폰을 샀다.,close,꼬마가,가,핸드폰을 샀다,샀다,True,True
3,14,verb_only,어제 저녁에 혼자서 꼬마가 핸드폰을 사셨다.,close,꼬마가,가,핸드폰을 사셨다,사셨다,False,True
3,14,noun_only,어제 저녁에 혼자서 꼬마께서 핸드폰을 샀다.,close,꼬마께서,께서,핸드폰을 샀다,샀다,False,False
3,14,all_honorific,어제 저녁에 혼자서 꼬마께서 핸드폰을 사셨다.,close,꼬마께서,께서,핸드폰을 사셨다,사셨다,True,True
3,15,no_honorific,어제 저녁에 혼자서 꼬마가 편지를 썼다.,close,꼬마가,가,편지를 썼다,썼다,True,True
3,15,verb_only,어제 저녁에 혼자서 꼬마가 편지를 쓰셨다.,close,꼬마가,가,편지를 쓰셨다,쓰셨다,False,True
3,15,noun_only,어제 저녁에 혼자서 꼬마께서 편지를 썼다.,close,꼬마께서,께서,편지를 썼다,썼다,False,False
3,15,all_honorific,어제 저녁에 혼자서 꼬마께서 편지를 쓰셨다.,close,꼬마께서,께서,편지를 쓰셨다,쓰셨다,True,True
3,16,no_honorific,어제 저녁에 혼자서 꼬마가 노래를 불렀다.,close,꼬마가,가,노래를 불렀다,불렀다,True,True
3,16,verb_only,어제 저녁에 혼자서 꼬마가 노래를 부르셨다.,close,꼬마가,가,노래를 부르셨다,부르셨다,False,True
3,16,noun_only,어제 저녁에 혼자서 꼬마께서 노래를 불렀다.,close,꼬마께서,께서,노래를 불렀다,불렀다,False,False
3,16,all_honorific,어제 저녁에 혼자서 꼬마께서 노래를 부르셨다.,close,꼬마께서,께서,노래를 부르셨다,부르셨다,True,True
3,17,no_honorific,어제 저녁에 혼자서 꼬마가 티비를 봤다.,close,꼬마가,가,티비를 봤다,봤다,True,True
3,17,verb_only,어제 저녁에 혼자서 꼬마가 티비를 보셨다.,close,꼬마가,가,티비를 보셨다,보셨다,False,True
3,17,noun_only,어제 저녁에 혼자서 꼬마께서 티비를 봤다.,close,꼬마께서,께서,티비를 봤다,봤다,False,False
3,17,all_honorific,어제 저녁에 혼자서 꼬마께서 티비를 보셨다.,close,꼬마께서,께서,티비를 보셨다,보셨다,True,True
3,18,no_honorific,어제 저녁에 혼자서 꼬마가 산책을 했다.,close,꼬마가,가,산책을 했다,했다,True,True
3,18,verb_only,어제 저녁에 혼자서 꼬마가 산책을 하셨다.,close,꼬마가,가,산책을 하셨다,하셨다,False,True
3,18,noun_only,어제 저녁에 혼자서 꼬마께서 산책을 했다.,close,꼬마께서,께서,산책을 했다,했다,False,False
3,18,all_honorific,어제 저녁에 혼자서 꼬마께서 산책을 하셨다.,close,꼬마께서,께서,산책을 하셨다,하셨다,True,True
3,19,no_honorific,어제 저녁에 혼자서 꼬마가 정원을 가꿨다.,close,꼬마가,가,정원을 가꿨다,가꿨다,True,True
3,19,verb_only,어제 저녁에 혼자서 꼬마가 정원을 가꾸셨다.,close,꼬마가,가,정원을 가꾸셨다,가꾸셨다,False,True
3,19,noun_only,어제 저녁에 혼자서 꼬마께서 정원을 가꿨다.,close,꼬마께서,께서,정원을 가꿨다,가꿨다,False,False
3,19,all_honorific,어제 저녁에 혼자서 꼬마께서 정원을 가꾸셨다.,close,꼬마께서,께서,정원을 가꾸셨다,가꾸셨다,True,True
3,20,no_honorific,어제 저녁에 혼자서 꼬마가 빨래를 널었다.,close,꼬마가,가,빨래를 널었다,널었다,True,True
3,20,verb_only,어제 저녁에 혼자서 꼬마가 빨래를 널으셨다.,close,꼬마가,가,빨래를 널으셨다,널으셨다,False,True
3,20,noun_only,어제 저녁에 혼자서 꼬마께서 빨래를 널었다.,close,꼬마께서,께서,빨래를 널었다,널었다,False,False
3,20,all_honorific,어제 저녁에 혼자서 꼬마께서 빨래를 널으셨다.,close,꼬마께서,께서,빨래를 널으셨다,널으셨다,True,True
3,21,no_honorific,어제 저녁에 혼자서 남자가 책을 읽었다.,close,남자가,가,책을 읽었다,읽었다,True,True
3,21,verb_only,어제 저녁에 혼자서 남자가 책을 읽으셨다.,close,남자가,가,책을 읽으셨다,읽으셨다,False,True
3,21,noun_only,어제 저녁에 혼자서 남자께서 책을 읽었다.,close,남자께서,께서,책을 읽었다,읽었다,False,False
3,21,all_honorific,어제 저녁에 혼자서 남자께서 책을 읽으셨다.,close,남자께서,께서,책을 읽으셨다,읽으셨다,True,True
3,22,no_honorific,어제 저녁에 혼자서 남자가 파스타를 먹었다.,close,남자가,가,파스타를 먹었다,먹었다,True,True
3,22,verb_only,어제 저녁에 혼자서 남자가 파스타를 드셨다.,close,남자가,가,파스타를 드셨다,드셨다,False,True
3,22,noun_only,어제 저녁에 혼자서 남자께서 파스타를 먹었다.,close,남자께서,께서,파스타를 먹었다,먹었다,False,False
3,22,all_honorific,어제 저녁에 혼자서 남자께서 파스타를 드셨다.,close,남자께서,께서,파스타를 드셨다,드셨다,True,True
3,23,no_honorific,어제 저녁에 혼자서 남자가 호통을 쳤다.,close,남자가,가,호통을 쳤다,쳤다,True,True
3,23,verb_only,어제 저녁에 혼자서 남자가 호통을 치셨다.,close,남자가,가,호통을 치셨다,치셨다,False,True
3,23,noun_only,어제 저녁에 혼자서 남자께서 호통을 쳤다.,close,남자께서,께서,호통을 쳤다,쳤다,False,False
3,23,all_honorific,어제 저녁에 혼자서 남자께서 호통을 치셨다.,close,남자께서,께서,호통을 치셨다,치셨다,True,True
3,24,no_honorific,어제 저녁에 혼자서 남자가 핸드폰을 샀다.,close,남자가,가,핸드폰을 샀다,샀다,True,True
3,24,verb_only,어제 저녁에 혼자서 남자가 핸드폰을 사셨다.,close,남자가,가,핸드폰을 사셨다,사셨다,False,True
3,24,noun_only,어제 저녁에 혼자서 남자께서 핸드폰을 샀다.,close,남자께서,께서,핸드폰을 샀다,샀다,False,False
3,24,all_honorific,어제 저녁에 혼자서 남자께서 핸드폰을 사셨다.,close,남자께서,께서,핸드폰을 사셨다,사셨다,True,True
3,25,no_honorific,어제 저녁에 혼자서 남자가 편지를 썼다.,close,남자가,가,편지를 썼다,썼다,True,True
3,25,verb_only,어제 저녁에 혼자서 남자가 편지를 쓰셨다.,close,남자가,가,편지를 쓰셨다,쓰셨다,False,True
3,25,noun_only,어제 저녁에 혼자서 남자께서 편지를 썼다.,close,남자께서,께서,편지를 썼다,썼다,False,False
3,25,all_honorific,어제 저녁에 혼자서 남자께서 편지를 쓰셨다.,close,남자께서,께서,편지를 쓰셨다,쓰셨다,True,True
3,26,no_honorific,어제 저녁에 혼자서 남자가 노래를 불렀다.,close,남자가,가,노래를 불렀다,불렀다,True,True
3,26,verb_only,어제 저녁에 혼자서 남자가 노래를 부르셨다.,close,남자가,가,노래를 부르셨다,부르셨다,False,True
3,26,noun_only,어제 저녁에 혼자서 남자께서 노래를 불렀다.,close,남자께서,께서,노래를 불렀다,불렀다,False,False
3,26,all_honorific,어제 저녁에 혼자서 남자께서 노래를 부르셨다.,close,남자께서,께서,노래를 부르셨다,부르셨다,True,True
3,27,no_honorific,어제 저녁에 혼자서 남자가 티비를 봤다.,close,남자가,가,티비를 봤다,봤다,True,True
3,27,verb_only,어제 저녁에 혼자서 남자가 티비를 보셨다.,close,남자가,가,티비를 보셨다,보셨다,False,True
3,27,noun_only,어제 저녁에 혼자서 남자께서 티비를 봤다.,close,남자께서,께서,티비를 봤다,봤다,False,False
3,27,all_honorific,어제 저녁에 혼자서 남자께서 티비를 보셨다.,close,남자께서,께서,티비를 보셨다,보셨다,True,True
3,28,no_honorific,어제 저녁에 혼자서 남자가 산책을 했다.,close,남자가,가,산책을 했다,했다,True,True
3,28,verb_only,어제 저녁에 혼자서 남자가 산책을 하셨다.,close,남자가,가,산책을 하셨다,하셨다,False,True
3,28,noun_only,어제 저녁에 혼자서 남자께서 산책을 했다.,close,남자께서,께서,산책을 했다,했다,False,False
3,28,all_honorific,어제 저녁에 혼자서 남자께서 산책을 하셨다.,close,남자께서,께서,산책을 하셨다,하셨다,True,True
3,29,no_honorific,어제 저녁에 혼자서 남자가 정원을 가꿨다.,close,남자가,가,정원을 가꿨다,가꿨다,True,True
3,29,verb_only,어제 저녁에 혼자서 남자가 정원을 가꾸셨다.,close,남자가,가,정원을 가꾸셨다,가꾸셨다,False,True
3,29,noun_only,어제 저녁에 혼자서 남자께서 정원을 가꿨다.,close,남자께서,께서,정원을 가꿨다,가꿨다,False,False
3,29,all_honorific,어제 저녁에 혼자서 남자께서 정원을 가꾸셨다.,close,남자께서,께서,정원을 가꾸셨다,가꾸셨다,True,True
3,30,no_honorific,어제 저녁에 혼자서 남자가 빨래를 널었다.,close,남자가,가,빨래를 널었다,널었다,True,True
3,30,verb_only,어제 저녁에 혼자서 남자가 빨래를 널으셨다.,close,남자가,가,빨래를 널으셨다,널으셨다,False,True
3,30,noun_only,어제 저녁에 혼자서 남자께서 빨래를 널었다.,close,남자께서,께서,빨래를 널었다,널었다,False,False
3,30,all_honorific,어제 저녁에 혼자서 남자께서 빨래를 널으셨다.,close,남자께서,께서,빨래를 널으셨다,널으셨다,True,True
3,31,no_honorific,어제 저녁에 혼자서 여자가 책을 읽었다.,close,여자가,가,책을 읽었다,읽었다,True,True
3,31,verb_only,어제 저녁에 혼자서 여자가 책을 읽으셨다.,close,여자가,가,책을 읽으셨다,읽으셨다,False,True
3,31,noun_only,어제 저녁에 혼자서 여자께서 책을 읽었다.,close,여자께서,께서,책을 읽었다,읽었다,False,False
3,31,all_honorific,어제 저녁에 혼자서 여자께서 책을 읽으셨다.,close,여자께서,께서,책을 읽으셨다,읽으셨다,True,True
3,32,no_honorific,어제 저녁에 혼자서 여자가 파스타를 먹었다.,close,여자가,가,파스타를 먹었다,먹었다,True,True
3,32,verb_only,어제 저녁에 혼자서 여자가 파스타를 드셨다.,close,여자가,가,파스타를 드셨다,드셨다,False,True
3,32,noun_only,어제 저녁에 혼자서 여자께서 파스타를 먹었다.,close,여자께서,께서,파스타를 먹었다,먹었다,False,False
3,32,all_honorific,어제 저녁에 혼자서 여자께서 파스타를 드셨다.,close,여자께서,께서,파스타를 드셨다,드셨다,True,True
3,33,no_honorific,어제 저녁에 혼자서 여자가 호통을 쳤다.,close,여자가,가,호통을 쳤다,쳤다,True,True
3,33,verb_only,어제 저녁에 혼자서 여자가 호통을 치셨다.,close,여자가,가,호통을 치셨다,치셨다,False,True
3,33,noun_only,어제 저녁에 혼자서 여자께서 호통을 쳤다.,close,여자께서,께서,호통을 쳤다,쳤다,False,False
3,33,all_honorific,어제 저녁에 혼자서 여자께서 호통을 치셨다.,close,여자께서,께서,호통을 치셨다,치셨다,True,True
3,34,no_honorific,어제 저녁에 혼자서 여자가 핸드폰을 샀다.,close,여자가,가,핸드폰을 샀다,샀다,True,True
3,34,verb_only,어제 저녁에 혼자서 여자가 핸드폰을 사셨다.,close,여자가,가,핸드폰을 사셨다,사셨다,False,True
3,34,noun_only,어제 저녁에 혼자서 여자께서 핸드폰을 샀다.,close,여자께서,께서,핸드폰을 샀다,샀다,False,False
3,34,all_honorific,어제 저녁에 혼자서 여자께서 핸드폰을 사셨다.,close,여자께서,께서,핸드폰을 사셨다,사셨다,True,True
3,35,no_honorific,어제 저녁에 혼자서 여자가 편지를 썼다.,close,여자가,가,편지를 썼다,썼다,True,True
3,35,verb_only,어제 저녁에 혼자서 여자가 편지를 쓰셨다.,close,여자가,가,편지를 쓰셨다,쓰셨다,False,True
3,35,noun_only,어제 저녁에 혼자서 여자께서 편지를 썼다.,close,여자께서,께서,편지를 썼다,썼다,False,False
3,35,all_honorific,어제 저녁에 혼자서 여자께서 편지를 쓰셨다.,close,여자께서,께서,편지를 쓰셨다,쓰셨다,True,True
3,36,no_honorific,어제 저녁에 혼자서 여자가 노래를 불렀다.,close,여자가,가,노래를 불렀다,불렀다,True,True
3,36,verb_only,어제 저녁에 혼자서 여자가 노래를 부르셨다.,close,여자가,가,노래를 부르셨다,부르셨다,False,True
3,36,noun_only,어제 저녁에 혼자서 여자께서 노래를 불렀다.,close,여자께서,께서,노래를 불렀다,불렀다,False,False
3,36,all_honorific,어제 저녁에 혼자서 여자께서 노래를 부르셨다.,close,여자께서,께서,노래를 부르셨다,부르셨다,True,True
3,37,no_honorific,어제 저녁에 혼자서 여자가 티비를 봤다.,close,여자가,가,티비를 봤다,봤다,True,True
3,37,verb_only,어제 저녁에 혼자서 여자가 티비를 보셨다.,close,여자가,가,티비를 보셨다,보셨다,False,True
3,37,noun_only,어제 저녁에 혼자서 여자께서 티비를 봤다.,close,여자께서,께서,티비를 봤다,봤다,False,False
3,37,all_honorific,어제 저녁에 혼자서 여자께서 티비를 보셨다.,close,여자께서,께서,티비를 보셨다,보셨다,True,True
3,38,no_honorific,어제 저녁에 혼자서 여자가 산책을 했다.,close,여자가,가,산책을 했다,했다,True,True
3,38,verb_only,어제 저녁에 혼자서 여자가 산책을 하셨다.,close,여자가,가,산책을 하셨다,하셨다,False,True
3,38,noun_only,어제 저녁에 혼자서 여자께서 산책을 했다.,close,여자께서,께서,산책을 했다,했다,False,False
3,38,all_honorific,어제 저녁에 혼자서 여자께서 산책을 하셨다.,close,여자께서,께서,산책을 하셨다,하셨다,True,True
3,39,no_honorific,어제 저녁에 혼자서 여자가 정원을 가꿨다.,close,여자가,가,정원을 가꿨다,가꿨다,True,True
3,39,verb_only,어제 저녁에 혼자서 여자가 정원을 가꾸셨다.,close,여자가,가,정원을 가꾸셨다,가꾸셨다,False,True
3,39,noun_only,어제 저녁에 혼자서 여자께서 정원을 가꿨다.,close,여자께서,께서,정원을 가꿨다,가꿨다,False,False
3,39,all_honorific,어제 저녁에 혼자서 여자께서 정원을 가꾸셨다.,close,여자께서,께서,정원을 가꾸셨다,가꾸셨다,True,True
3,40,no_honorific,어제 저녁에 혼자서 여자가 빨래를 널었다.,close,여자가,가,빨래를 널었다,널었다,True,True
3,40,verb_only,어제 저녁에 혼자서 여자가 빨래를 널으셨다.,close,여자가,가,빨래를 널으셨다,널으셨다,False,True
3,40,noun_only,어제 저녁에 혼자서 여자께서 빨래를 널었다.,close,여자께서,께서,빨래를 널었다,널었다,False,False
3,40,all_honorific,어제 저녁에 혼자서 여자께서 빨래를 널으셨다.,close,여자께서,께서,빨래를 널으셨다,널으셨다,True,True
3,41,no_honorific,어제 저녁에 혼자서 딸이 책을 읽었다.,close,딸이,이,책을 읽었다,읽었다,True,True
3,41,verb_only,어제 저녁에 혼자서 딸이 책을 읽으셨다.,close,딸이,이,책을 읽으셨다,읽으셨다,False,True
3,41,noun_only,어제 저녁에 혼자서 딸께서 책을 읽었다.,close,딸께서,께서,책을 읽었다,읽었다,False,False
3,41,all_honorific,어제 저녁에 혼자서 딸께서 책을 읽으셨다.,close,딸께서,께서,책을 읽으셨다,읽으셨다,True,True
3,42,no_honorific,어제 저녁에 혼자서 딸이 파스타를 먹었다.,close,딸이,이,파스타를 먹었다,먹었다,True,True
3,42,verb_only,어제 저녁에 혼자서 딸이 파스타를 드셨다.,close,딸이,이,파스타를 드셨다,드셨다,False,True
3,42,noun_only,어제 저녁에 혼자서 딸께서 파스타를 먹었다.,close,딸께서,께서,파스타를 먹었다,먹었다,False,False
3,42,all_honorific,어제 저녁에 혼자서 딸께서 파스타를 드셨다.,close,딸께서,께서,파스타를 드셨다,드셨다,True,True
3,43,no_honorific,어제 저녁에 혼자서 딸이 호통을 쳤다.,close,딸이,이,호통을 쳤다,쳤다,True,True
3,43,verb_only,어제 저녁에 혼자서 딸이 호통을 치셨다.,close,딸이,이,호통을 치셨다,치셨다,False,True
3,43,noun_only,어제 저녁에 혼자서 딸께서 호통을 쳤다.,close,딸께서,께서,호통을 쳤다,쳤다,False,False
3,43,all_honorific,어제 저녁에 혼자서 딸께서 호통을 치셨다.,close,딸께서,께서,호통을 치셨다,치셨다,True,True
3,44,no_honorific,어제 저녁에 혼자서 딸이 핸드폰을 샀다.,close,딸이,이,핸드폰을 샀다,샀다,True,True
3,44,verb_only,어제 저녁에 혼자서 딸이 핸드폰을 사셨다.,close,딸이,이,핸드폰을 사셨다,사셨다,False,True
3,44,noun_only,어제 저녁에 혼자서 딸께서 핸드폰을 샀다.,close,딸께서,께서,핸드폰을 샀다,샀다,False,False
3,44,all_honorific,어제 저녁에 혼자서 딸께서 핸드폰을 사셨다.,close,딸께서,께서,핸드폰을 사셨다,사셨다,True,True
3,45,no_honorific,어제 저녁에 혼자서 딸이 편지를 썼다.,close,딸이,이,편지를 썼다,썼다,True,True
3,45,verb_only,어제 저녁에 혼자서 딸이 편지를 쓰셨다.,close,딸이,이,편지를 쓰셨다,쓰셨다,False,True
3,45,noun_only,어제 저녁에 혼자서 딸께서 편지를 썼다.,close,딸께서,께서,편지를 썼다,썼다,False,False
3,45,all_honorific,어제 저녁에 혼자서 딸께서 편지를 쓰셨다.,close,딸께서,께서,편지를 쓰셨다,쓰셨다,True,True
3,46,no_honorific,어제 저녁에 혼자서 딸이 노래를 불렀다.,close,딸이,이,노래를 불렀다,불렀다,True,True
3,46,verb_only,어제 저녁에 혼자서 딸이 노래를 부르셨다.,close,딸이,이,노래를 부르셨다,부르셨다,False,True
3,46,noun_only,어제 저녁에 혼자서 딸께서 노래를 불렀다.,close,딸께서,께서,노래를 불렀다,불렀다,False,False
3,46,all_honorific,어제 저녁에 혼자서 딸께서 노래를 부르셨다.,close,딸께서,께서,노래를 부르셨다,부르셨다,True,True
3,47,no_honorific,어제 저녁에 혼자서 딸이 티비를 봤다.,close,딸이,이,티비를 봤다,봤다,True,True
3,47,verb_only,어제 저녁에 혼자서 딸이 티비를 보셨다.,close,딸이,이,티비를 보셨다,보셨다,False,True
3,47,noun_only,어제 저녁에 혼자서 딸께서 티비를 봤다.,close,딸께서,께서,티비를 봤다,봤다,False,False
3,47,all_honorific,어제 저녁에 혼자서 딸께서 티비를 보셨다.,close,딸께서,께서,티비를 보셨다,보셨다,True,True
3,48,no_honorific,어제 저녁에 혼자서 딸이 산책을 했다.,close,딸이,이,산책을 했다,했다,True,True
3,48,verb_only,어제 저녁에 혼자서 딸이 산책을 하셨다.,close,딸이,이,산책을 하셨다,하셨다,False,True
3,48,noun_only,어제 저녁에 혼자서 딸께서 산책을 했다.,close,딸께서,께서,산책을 했다,했다,False,False
3,48,all_honorific,어제 저녁에 혼자서 딸께서 산책을 하셨다.,close,딸께서,께서,산책을 하셨다,하셨다,True,True
3,49,no_honorific,어제 저녁에 혼자서 딸이 정원을 가꿨다.,close,딸이,이,정원을 가꿨다,가꿨다,True,True
3,49,verb_only,어제 저녁에 혼자서 딸이 정원을 가꾸셨다.,close,딸이,이,정원을 가꾸셨다,가꾸셨다,False,True
3,49,noun_only,어제 저녁에 혼자서 딸께서 정원을 가꿨다.,close,딸께서,께서,정원을 가꿨다,가꿨다,False,False
3,49,all_honorific,어제 저녁에 혼자서 딸께서 정원을 가꾸셨다.,close,딸께서,께서,정원을 가꾸셨다,가꾸셨다,True,True
3,50,no_honorific,어제 저녁에 혼자서 딸이 빨래를 널었다.,close,딸이,이,빨래를 널었다,널었다,True,True
3,50,verb_only,어제 저녁에 혼자서 딸이 빨래를 널으셨다.,close,딸이,이,빨래를 널으셨다,널으셨다,False,True
3,50,noun_only,어제 저녁에 혼자서 딸께서 빨래를 널었다.,close,딸께서,께서,빨래를 널었다,널었다,False,False
3,50,all_honorific,어제 저녁에 혼자서 딸께서 빨래를 널으셨다.,close,딸께서,께서,빨래를 널으셨다,널으셨다,True,True
3,51,no_honorific,어제 저녁에 혼자서 아들이 책을 읽었다.,close,아들이,이,책을 읽었다,읽었다,True,True
3,51,verb_only,어제 저녁에 혼자서 아들이 책을 읽으셨다.,close,아들이,이,책을 읽으셨다,읽으셨다,False,True
3,51,noun_only,어제 저녁에 혼자서 아들께서 책을 읽었다.,close,아들께서,께서,책을 읽었다,읽었다,False,False
3,51,all_honorific,어제 저녁에 혼자서 아들께서 책을 읽으셨다.,close,아들께서,께서,책을 읽으셨다,읽으셨다,True,True
3,52,no_honorific,어제 저녁에 혼자서 아들이 파스타를 먹었다.,close,아들이,이,파스타를 먹었다,먹었다,True,True
3,52,verb_only,어제 저녁에 혼자서 아들이 파스타를 드셨다.,close,아들이,이,파스타를 드셨다,드셨다,False,True
3,52,noun_only,어제 저녁에 혼자서 아들께서 파스타를 먹었다.,close,아들께서,께서,파스타를 먹었다,먹었다,False,False
3,52,all_honorific,어제 저녁에 혼자서 아들께서 파스타를 드셨다.,close,아들께서,께서,파스타를 드셨다,드셨다,True,True
3,53,no_honorific,어제 저녁에 혼자서 아들이 호통을 쳤다.,close,아들이,이,호통을 쳤다,쳤다,True,True
3,53,verb_only,어제 저녁에 혼자서 아들이 호통을 치셨다.,close,아들이,이,호통을 치셨다,치셨다,False,True
3,53,noun_only,어제 저녁에 혼자서 아들께서 호통을 쳤다.,close,아들께서,께서,호통을 쳤다,쳤다,False,False
3,53,all_honorific,어제 저녁에 혼자서 아들께서 호통을 치셨다.,close,아들께서,께서,호통을 치셨다,치셨다,True,True
3,54,no_honorific,어제 저녁에 혼자서 아들이 핸드폰을 샀다.,close,아들이,이,핸드폰을 샀다,샀다,True,True
3,54,verb_only,어제 저녁에 혼자서 아들이 핸드폰을 사셨다.,close,아들이,이,핸드폰을 사셨다,사셨다,False,True
3,54,noun_only,어제 저녁에 혼자서 아들께서 핸드폰을 샀다.,close,아들께서,께서,핸드폰을 샀다,샀다,False,False
3,54,all_honorific,어제 저녁에 혼자서 아들께서 핸드폰을 사셨다.,close,아들께서,께서,핸드폰을 사셨다,사셨다,True,True
3,55,no_honorific,어제 저녁에 혼자서 아들이 편지를 썼다.,close,아들이,이,편지를 썼다,썼다,True,True
3,55,verb_only,어제 저녁에 혼자서 아들이 편지를 쓰셨다.,close,아들이,이,편지를 쓰셨다,쓰셨다,False,True
3,55,noun_only,어제 저녁에 혼자서 아들께서 편지를 썼다.,close,아들께서,께서,편지를 썼다,썼다,False,False
3,55,all_honorific,어제 저녁에 혼자서 아들께서 편지를 쓰셨다.,close,아들께서,께서,편지를 쓰셨다,쓰셨다,True,True
3,56,no_honorific,어제 저녁에 혼자서 아들이 노래를 불렀다.,close,아들이,이,노래를 불렀다,불렀다,True,True
3,56,verb_only,어제 저녁에 혼자서 아들이 노래를 부르셨다.,close,아들이,이,노래를 부르셨다,부르셨다,False,True
3,56,noun_only,어제 저녁에 혼자서 아들께서 노래를 불렀다.,close,아들께서,께서,노래를 불렀다,불렀다,False,False
3,56,all_honorific,어제 저녁에 혼자서 아들께서 노래를 부르셨다.,close,아들께서,께서,노래를 부르셨다,부르셨다,True,True
3,57,no_honorific,어제 저녁에 혼자서 아들이 티비를 봤다.,close,아들이,이,티비를 봤다,봤다,True,True
3,57,verb_only,어제 저녁에 혼자서 아들이 티비를 보셨다.,close,아들이,이,티비를 보셨다,보셨다,False,True
3,57,noun_only,어제 저녁에 혼자서 아들께서 티비를 봤다.,close,아들께서,께서,티비를 봤다,봤다,False,False
3,57,all_honorific,어제 저녁에 혼자서 아들께서 티비를 보셨다.,close,아들께서,께서,티비를 보셨다,보셨다,True,True
3,58,no_honorific,어제 저녁에 혼자서 아들이 산책을 했다.,close,아들이,이,산책을 했다,했다,True,True
3,58,verb_only,어제 저녁에 혼자서 아들이 산책을 하셨다.,close,아들이,이,산책을 하셨다,하셨다,False,True
3,58,noun_only,어제 저녁에 혼자서 아들께서 산책을 했다.,close,아들께서,께서,산책을 했다,했다,False,False
3,58,all_honorific,어제 저녁에 혼자서 아들께서 산책을 하셨다.,close,아들께서,께서,산책을 하셨다,하셨다,True,True
3,59,no_honorific,어제 저녁에 혼자서 아들이 정원을 가꿨다.,close,아들이,이,정원을 가꿨다,가꿨다,True,True
3,59,verb_only,어제 저녁에 혼자서 아들이 정원을 가꾸셨다.,close,아들이,이,정원을 가꾸셨다,가꾸셨다,False,True
3,59,noun_only,어제 저녁에 혼자서 아들께서 정원을 가꿨다.,close,아들께서,께서,정원을 가꿨다,가꿨다,False,False
3,59,all_honorific,어제 저녁에 혼자서 아들께서 정원을 가꾸셨다.,close,아들께서,께서,정원을 가꾸셨다,가꾸셨다,True,True
3,60,no_honorific,어제 저녁에 혼자서 아들이 빨래를 널었다.,close,아들이,이,빨래를 널었다,널었다,True,True
3,60,verb_only,어제 저녁에 혼자서 아들이 빨래를 널으셨다.,close,아들이,이,빨래를 널으셨다,널으셨다,False,True
3,60,noun_only,어제 저녁에 혼자서 아들께서 빨래를 널었다.,close,아들께서,께서,빨래를 널었다,널었다,False,False
3,60,all_honorific,어제 저녁에 혼자서 아들께서 빨래를 널으셨다.,close,아들께서,께서,빨래를 널으셨다,널으셨다,True,True
3,61,no_honorific,어제 저녁에 혼자서 친구가 책을 읽었다.,close,친구가,가,책을 읽었다,읽었다,True,True
3,61,verb_only,어제 저녁에 혼자서 친구가 책을 읽으셨다.,close,친구가,가,책을 읽으셨다,읽으셨다,False,True
3,61,noun_only,어제 저녁에 혼자서 친구께서 책을 읽었다.,close,친구께서,께서,책을 읽었다,읽었다,False,False
3,61,all_honorific,어제 저녁에 혼자서 친구께서 책을 읽으셨다.,close,친구께서,께서,책을 읽으셨다,읽으셨다,True,True
3,62,no_honorific,어제 저녁에 혼자서 친구가 파스타를 먹었다.,close,친구가,가,파스타를 먹었다,먹었다,True,True
3,62,verb_only,어제 저녁에 혼자서 친구가 파스타를 드셨다.,close,친구가,가,파스타를 드셨다,드셨다,False,True
3,62,noun_only,어제 저녁에 혼자서 친구께서 파스타를 먹었다.,close,친구께서,께서,파스타를 먹었다,먹었다,False,False
3,62,all_honorific,어제 저녁에 혼자서 친구께서 파스타를 드셨다.,close,친구께서,께서,파스타를 드셨다,드셨다,True,True
3,63,no_honorific,어제 저녁에 혼자서 친구가 호통을 쳤다.,close,친구가,가,호통을 쳤다,쳤다,True,True
3,63,verb_only,어제 저녁에 혼자서 친구가 호통을 치셨다.,close,친구가,가,호통을 치셨다,치셨다,False,True
3,63,noun_only,어제 저녁에 혼자서 친구께서 호통을 쳤다.,close,친구께서,께서,호통을 쳤다,쳤다,False,False
3,63,all_honorific,어제 저녁에 혼자서 친구께서 호통을 치셨다.,close,친구께서,께서,호통을 치셨다,치셨다,True,True
3,64,no_honorific,어제 저녁에 혼자서 친구가 핸드폰을 샀다.,close,친구가,가,핸드폰을 샀다,샀다,True,True
3,64,verb_only,어제 저녁에 혼자서 친구가 핸드폰을 사셨다.,close,친구가,가,핸드폰을 사셨다,사셨다,False,True
3,64,noun_only,어제 저녁에 혼자서 친구께서 핸드폰을 샀다.,close,친구께서,께서,핸드폰을 샀다,샀다,False,False
3,64,all_honorific,어제 저녁에 혼자서 친구께서 핸드폰을 사셨다.,close,친구께서,께서,핸드폰을 사셨다,사셨다,True,True
3,65,no_honorific,어제 저녁에 혼자서 친구가 편지를 썼다.,close,친구가,가,편지를 썼다,썼다,True,True
3,65,verb_only,어제 저녁에 혼자서 친구가 편지를 쓰셨다.,close,친구가,가,편지를 쓰셨다,쓰셨다,False,True
3,65,noun_only,어제 저녁에 혼자서 친구께서 편지를 썼다.,close,친구께서,께서,편지를 썼다,썼다,False,False
3,65,all_honorific,어제 저녁에 혼자서 친구께서 편지를 쓰셨다.,close,친구께서,께서,편지를 쓰셨다,쓰셨다,True,True
3,66,no_honorific,어제 저녁에 혼자서 친구가 노래를 불렀다.,close,친구가,가,노래를 불렀다,불렀다,True,True
3,66,verb_only,어제 저녁에 혼자서 친구가 노래를 부르셨다.,close,친구가,가,노래를 부르셨다,부르셨다,False,True
3,66,noun_only,어제 저녁에 혼자서 친구께서 노래를 불렀다.,close,친구께서,께서,노래를 불렀다,불렀다,False,False
3,66,all_honorific,어제 저녁에 혼자서 친구께서 노래를 부르셨다.,close,친구께서,께서,노래를 부르셨다,부르셨다,True,True
3,67,no_honorific,어제 저녁에 혼자서 친구가 티비를 봤다.,close,친구가,가,티비를 봤다,봤다,True,True
3,67,verb_only,어제 저녁에 혼자서 친구가 티비를 보셨다.,close,친구가,가,티비를 보셨다,보셨다,False,True
3,67,noun_only,어제 저녁에 혼자서 친구께서 티비를 봤다.,close,친구께서,께서,티비를 봤다,봤다,False,False
3,67,all_honorific,어제 저녁에 혼자서 친구께서 티비를 보셨다.,close,친구께서,께서,티비를 보셨다,보셨다,True,True
3,68,no_honorific,어제 저녁에 혼자서 친구가 산책을 했다.,close,친구가,가,산책을 했다,했다,True,True
3,68,verb_only,어제 저녁에 혼자서 친구가 산책을 하셨다.,close,친구가,가,산책을 하셨다,하셨다,False,True
3,68,noun_only,어제 저녁에 혼자서 친구께서 산책을 했다.,close,친구께서,께서,산책을 했다,했다,False,False
3,68,all_honorific,어제 저녁에 혼자서 친구께서 산책을 하셨다.,close,친구께서,께서,산책을 하셨다,하셨다,True,True
3,69,no_honorific,어제 저녁에 혼자서 친구가 정원을 가꿨다.,close,친구가,가,정원을 가꿨다,가꿨다,True,True
3,69,verb_only,어제 저녁에 혼자서 친구가 정원을 가꾸셨다.,close,친구가,가,정원을 가꾸셨다,가꾸셨다,False,True
3,69,noun_only,어제 저녁에 혼자서 친구께서 정원을 가꿨다.,close,친구께서,께서,정원을 가꿨다,가꿨다,False,False
3,69,all_honorific,어제 저녁에 혼자서 친구께서 정원을 가꾸셨다.,close,친구께서,께서,정원을 가꾸셨다,가꾸셨다,True,True
3,70,no_honorific,어제 저녁에 혼자서 친구가 빨래를 널었다.,close,친구가,가,빨래를 널었다,널었다,True,True
3,70,verb_only,어제 저녁에 혼자서 친구가 빨래를 널으셨다.,close,친구가,가,빨래를 널으셨다,널으셨다,False,True
3,70,noun_only,어제 저녁에 혼자서 친구께서 빨래를 널었다.,close,친구께서,께서,빨래를 널었다,널었다,False,False
3,70,all_honorific,어제 저녁에 혼자서 친구께서 빨래를 널으셨다.,close,친구께서,께서,빨래를 널으셨다,널으셨다,True,True
3,71,no_honorific,어제 저녁에 혼자서 막내가 책을 읽었다.,close,막내가,가,책을 읽었다,읽었다,True,True
3,71,verb_only,어제 저녁에 혼자서 막내가 책을 읽으셨다.,close,막내가,가,책을 읽으셨다,읽으셨다,False,True
3,71,noun_only,어제 저녁에 혼자서 막내께서 책을 읽었다.,close,막내께서,께서,책을 읽었다,읽었다,False,False
3,71,all_honorific,어제 저녁에 혼자서 막내께서 책을 읽으셨다.,close,막내께서,께서,책을 읽으셨다,읽으셨다,True,True
3,72,no_honorific,어제 저녁에 혼자서 막내가 파스타를 먹었다.,close,막내가,가,파스타를 먹었다,먹었다,True,True
3,72,verb_only,어제 저녁에 혼자서 막내가 파스타를 드셨다.,close,막내가,가,파스타를 드셨다,드셨다,False,True
3,72,noun_only,어제 저녁에 혼자서 막내께서 파스타를 먹었다.,close,막내께서,께서,파스타를 먹었다,먹었다,False,False
3,72,all_honorific,어제 저녁에 혼자서 막내께서 파스타를 드셨다.,close,막내께서,께서,파스타를 드셨다,드셨다,True,True
3,73,no_honorific,어제 저녁에 혼자서 막내가 호통을 쳤다.,close,막내가,가,호통을 쳤다,쳤다,True,True
3,73,verb_only,어제 저녁에 혼자서 막내가 호통을 치셨다.,close,막내가,가,호통을 치셨다,치셨다,False,True
3,73,noun_only,어제 저녁에 혼자서 막내께서 호통을 쳤다.,close,막내께서,께서,호통을 쳤다,쳤다,False,False
3,73,all_honorific,어제 저녁에 혼자서 막내께서 호통을 치셨다.,close,막내께서,께서,호통을 치셨다,치셨다,True,True
3,74,no_honorific,어제 저녁에 혼자서 막내가 핸드폰을 샀다.,close,막내가,가,핸드폰을 샀다,샀다,True,True
3,74,verb_only,어제 저녁에 혼자서 막내가 핸드폰을 사셨다.,close,막내가,가,핸드폰을 사셨다,사셨다,False,True
3,74,noun_only,어제 저녁에 혼자서 막내께서 핸드폰을 샀다.,close,막내께서,께서,핸드폰을 샀다,샀다,False,False
3,74,all_honorific,어제 저녁에 혼자서 막내께서 핸드폰을 사셨다.,close,막내께서,께서,핸드폰을 사셨다,사셨다,True,True
3,75,no_honorific,어제 저녁에 혼자서 막내가 편지를 썼다.,close,막내가,가,편지를 썼다,썼다,True,True
3,75,verb_only,어제 저녁에 혼자서 막내가 편지를 쓰셨다.,close,막내가,가,편지를 쓰셨다,쓰셨다,False,True
3,75,noun_only,어제 저녁에 혼자서 막내께서 편지를 썼다.,close,막내께서,께서,편지를 썼다,썼다,False,False
3,75,all_honorific,어제 저녁에 혼자서 막내께서 편지를 쓰셨다.,close,막내께서,께서,편지를 쓰셨다,쓰셨다,True,True
3,76,no_honorific,어제 저녁에 혼자서 막내가 노래를 불렀다.,close,막내가,가,노래를 불렀다,불렀다,True,True
3,76,verb_only,어제 저녁에 혼자서 막내가 노래를 부르셨다.,close,막내가,가,노래를 부르셨다,부르셨다,False,True
3,76,noun_only,어제 저녁에 혼자서 막내께서 노래를 불렀다.,close,막내께서,께서,노래를 불렀다,불렀다,False,False
3,76,all_honorific,어제 저녁에 혼자서 막내께서 노래를 부르셨다.,close,막내께서,께서,노래를 부르셨다,부르셨다,True,True
3,77,no_honorific,어제 저녁에 혼자서 막내가 티비를 봤다.,close,막내가,가,티비를 봤다,봤다,True,True
3,77,verb_only,어제 저녁에 혼자서 막내가 티비를 보셨다.,close,막내가,가,티비를 보셨다,보셨다,False,True
3,77,noun_only,어제 저녁에 혼자서 막내께서 티비를 봤다.,close,막내께서,께서,티비를 봤다,봤다,False,False
3,77,all_honorific,어제 저녁에 혼자서 막내께서 티비를 보셨다.,close,막내께서,께서,티비를 보셨다,보셨다,True,True
3,78,no_honorific,어제 저녁에 혼자서 막내가 산책을 했다.,close,막내가,가,산책을 했다,했다,True,True
3,78,verb_only,어제 저녁에 혼자서 막내가 산책을 하셨다.,close,막내가,가,산책을 하셨다,하셨다,False,True
3,78,noun_only,어제 저녁에 혼자서 막내께서 산책을 했다.,close,막내께서,께서,산책을 했다,했다,False,False
3,78,all_honorific,어제 저녁에 혼자서 막내께서 산책을 하셨다.,close,막내께서,께서,산책을 하셨다,하셨다,True,True
3,79,no_honorific,어제 저녁에 혼자서 막내가 정원을 가꿨다.,close,막내가,가,정원을 가꿨다,가꿨다,True,True
3,79,verb_only,어제 저녁에 혼자서 막내가 정원을 가꾸셨다.,close,막내가,가,정원을 가꾸셨다,가꾸셨다,False,True
3,79,noun_only,어제 저녁에 혼자서 막내께서 정원을 가꿨다.,close,막내께서,께서,정원을 가꿨다,가꿨다,False,False
3,79,all_honorific,어제 저녁에 혼자서 막내께서 정원을 가꾸셨다.,close,막내께서,께서,정원을 가꾸셨다,가꾸셨다,True,True
3,80,no_honorific,어제 저녁에 혼자서 막내가 빨래를 널었다.,close,막내가,가,빨래를 널었다,널었다,True,True
3,80,verb_only,어제 저녁에 혼자서 막내가 빨래를 널으셨다.,close,막내가,가,빨래를 널으셨다,널으셨다,False,True
3,80,noun_only,어제 저녁에 혼자서 막내께서 빨래를 널었다.,close,막내께서,께서,빨래를 널었다,널었다,False,False
3,80,all_honorific,어제 저녁에 혼자서 막내께서 빨래를 널으셨다.,close,막내께서,께서,빨래를 널으셨다,널으셨다,True,True
3,81,no_honorific,어제 저녁에 혼자서 초등학생이 책을 읽었다.,close,초등학생이,이,책을 읽었다,읽었다,True,True
3,81,verb_only,어제 저녁에 혼자서 초등학생이 책을 읽으셨다.,close,초등학생이,이,책을 읽으셨다,읽으셨다,False,True
3,81,noun_only,어제 저녁에 혼자서 초등학생께서 책을 읽었다.,close,초등학생께서,께서,책을 읽었다,읽었다,False,False
3,81,all_honorific,어제 저녁에 혼자서 초등학생께서 책을 읽으셨다.,close,초등학생께서,께서,책을 읽으셨다,읽으셨다,True,True
3,82,no_honorific,어제 저녁에 혼자서 초등학생이 파스타를 먹었다.,close,초등학생이,이,파스타를 먹었다,먹었다,True,True
3,82,verb_only,어제 저녁에 혼자서 초등학생이 파스타를 드셨다.,close,초등학생이,이,파스타를 드셨다,드셨다,False,True
3,82,noun_only,어제 저녁에 혼자서 초등학생께서 파스타를 먹었다.,close,초등학생께서,께서,파스타를 먹었다,먹었다,False,False
3,82,all_honorific,어제 저녁에 혼자서 초등학생께서 파스타를 드셨다.,close,초등학생께서,께서,파스타를 드셨다,드셨다,True,True
3,83,no_honorific,어제 저녁에 혼자서 초등학생이 호통을 쳤다.,close,초등학생이,이,호통을 쳤다,쳤다,True,True
3,83,verb_only,어제 저녁에 혼자서 초등학생이 호통을 치셨다.,close,초등학생이,이,호통을 치셨다,치셨다,False,True
3,83,noun_only,어제 저녁에 혼자서 초등학생께서 호통을 쳤다.,close,초등학생께서,께서,호통을 쳤다,쳤다,False,False
3,83,all_honorific,어제 저녁에 혼자서 초등학생께서 호통을 치셨다.,close,초등학생께서,께서,호통을 치셨다,치셨다,True,True
3,84,no_honorific,어제 저녁에 혼자서 초등학생이 핸드폰을 샀다.,close,초등학생이,이,핸드폰을 샀다,샀다,True,True
3,84,verb_only,어제 저녁에 혼자서 초등학생이 핸드폰을 사셨다.,close,초등학생이,이,핸드폰을 사셨다,사셨다,False,True
3,84,noun_only,어제 저녁에 혼자서 초등학생께서 핸드폰을 샀다.,close,초등학생께서,께서,핸드폰을 샀다,샀다,False,False
3,84,all_honorific,어제 저녁에 혼자서 초등학생께서 핸드폰을 사셨다.,close,초등학생께서,께서,핸드폰을 사셨다,사셨다,True,True
3,85,no_honorific,어제 저녁에 혼자서 초등학생이 편지를 썼다.,close,초등학생이,이,편지를 썼다,썼다,True,True
3,85,verb_only,어제 저녁에 혼자서 초등학생이 편지를 쓰셨다.,close,초등학생이,이,편지를 쓰셨다,쓰셨다,False,True
3,85,noun_only,어제 저녁에 혼자서 초등학생께서 편지를 썼다.,close,초등학생께서,께서,편지를 썼다,썼다,False,False
3,85,all_honorific,어제 저녁에 혼자서 초등학생께서 편지를 쓰셨다.,close,초등학생께서,께서,편지를 쓰셨다,쓰셨다,True,True
3,86,no_honorific,어제 저녁에 혼자서 초등학생이 노래를 불렀다.,close,초등학생이,이,노래를 불렀다,불렀다,True,True
3,86,verb_only,어제 저녁에 혼자서 초등학생이 노래를 부르셨다.,close,초등학생이,이,노래를 부르셨다,부르셨다,False,True
3,86,noun_only,어제 저녁에 혼자서 초등학생께서 노래를 불렀다.,close,초등학생께서,께서,노래를 불렀다,불렀다,False,False
3,86,all_honorific,어제 저녁에 혼자서 초등학생께서 노래를 부르셨다.,close,초등학생께서,께서,노래를 부르셨다,부르셨다,True,True
3,87,no_honorific,어제 저녁에 혼자서 초등학생이 티비를 봤다.,close,초등학생이,이,티비를 봤다,봤다,True,True
3,87,verb_only,어제 저녁에 혼자서 초등학생이 티비를 보셨다.,close,초등학생이,이,티비를 보셨다,보셨다,False,True
3,87,noun_only,어제 저녁에 혼자서 초등학생께서 티비를 봤다.,close,초등학생께서,께서,티비를 봤다,봤다,False,False
3,87,all_honorific,어제 저녁에 혼자서 초등학생께서 티비를 보셨다.,close,초등학생께서,께서,티비를 보셨다,보셨다,True,True
3,88,no_honorific,어제 저녁에 혼자서 초등학생이 산책을 했다.,close,초등학생이,이,산책을 했다,했다,True,True
3,88,verb_only,어제 저녁에 혼자서 초등학생이 산책을 하셨다.,close,초등학생이,이,산책을 하셨다,하셨다,False,True
3,88,noun_only,어제 저녁에 혼자서 초등학생께서 산책을 했다.,close,초등학생께서,께서,산책을 했다,했다,False,False
3,88,all_honorific,어제 저녁에 혼자서 초등학생께서 산책을 하셨다.,close,초등학생께서,께서,산책을 하셨다,하셨다,True,True
3,89,no_honorific,어제 저녁에 혼자서 초등학생이 정원을 가꿨다.,close,초등학생이,이,정원을 가꿨다,가꿨다,True,True
3,89,verb_only,어제 저녁에 혼자서 초등학생이 정원을 가꾸셨다.,close,초등학생이,이,정원을 가꾸셨다,가꾸셨다,False,True
3,89,noun_only,어제 저녁에 혼자서 초등학생께서 정원을 가꿨다.,close,초등학생께서,께서,정원을 가꿨다,가꿨다,False,False
3,89,all_honorific,어제 저녁에 혼자서 초등학생께서 정원을 가꾸셨다.,close,초등학생께서,께서,정원을 가꾸셨다,가꾸셨다,True,True
3,90,no_honorific,어제 저녁에 혼자서 초등학생이 빨래를 널었다.,close,초등학생이,이,빨래를 널었다,널었다,True,True
3,90,verb_only,어제 저녁에 혼자서 초등학생이 빨래를 널으셨다.,close,초등학생이,이,빨래를 널으셨다,널으셨다,False,True
3,90,noun_only,어제 저녁에 혼자서 초등학생께서 빨래를 널었다.,close,초등학생께서,께서,빨래를 널었다,널었다,False,False
3,90,all_honorific,어제 저녁에 혼자서 초등학생께서 빨래를 널으셨다.,close,초등학생께서,께서,빨래를 널으셨다,널으셨다,True,True
3,91,no_honorific,어제 저녁에 혼자서 여동생이 책을 읽었다.,close,여동생이,이,책을 읽었다,읽었다,True,True
3,91,verb_only,어제 저녁에 혼자서 여동생이 책을 읽으셨다.,close,여동생이,이,책을 읽으셨다,읽으셨다,False,True
3,91,noun_only,어제 저녁에 혼자서 여동생께서 책을 읽었다.,close,여동생께서,께서,책을 읽었다,읽었다,False,False
3,91,all_honorific,어제 저녁에 혼자서 여동생께서 책을 읽으셨다.,close,여동생께서,께서,책을 읽으셨다,읽으셨다,True,True
3,92,no_honorific,어제 저녁에 혼자서 여동생이 파스타를 먹었다.,close,여동생이,이,파스타를 먹었다,먹었다,True,True
3,92,verb_only,어제 저녁에 혼자서 여동생이 파스타를 드셨다.,close,여동생이,이,파스타를 드셨다,드셨다,False,True
3,92,noun_only,어제 저녁에 혼자서 여동생께서 파스타를 먹었다.,close,여동생께서,께서,파스타를 먹었다,먹었다,False,False
3,92,all_honorific,어제 저녁에 혼자서 여동생께서 파스타를 드셨다.,close,여동생께서,께서,파스타를 드셨다,드셨다,True,True
3,93,no_honorific,어제 저녁에 혼자서 여동생이 호통을 쳤다.,close,여동생이,이,호통을 쳤다,쳤다,True,True
3,93,verb_only,어제 저녁에 혼자서 여동생이 호통을 치셨다.,close,여동생이,이,호통을 치셨다,치셨다,False,True
3,93,noun_only,어제 저녁에 혼자서 여동생께서 호통을 쳤다.,close,여동생께서,께서,호통을 쳤다,쳤다,False,False
3,93,all_honorific,어제 저녁에 혼자서 여동생께서 호통을 치셨다.,close,여동생께서,께서,호통을 치셨다,치셨다,True,True
3,94,no_honorific,어제 저녁에 혼자서 여동생이 핸드폰을 샀다.,close,여동생이,이,핸드폰을 샀다,샀다,True,True
3,94,verb_only,어제 저녁에 혼자서 여동생이 핸드폰을 사셨다.,close,여동생이,이,핸드폰을 사셨다,사셨다,False,True
3,94,noun_only,어제 저녁에 혼자서 여동생께서 핸드폰을 샀다.,close,여동생께서,께서,핸드폰을 샀다,샀다,False,False
3,94,all_honorific,어제 저녁에 혼자서 여동생께서 핸드폰을 사셨다.,close,여동생께서,께서,핸드폰을 사셨다,사셨다,True,True
3,95,no_honorific,어제 저녁에 혼자서 여동생이 편지를 썼다.,close,여동생이,이,편지를 썼다,썼다,True,True
3,95,verb_only,어제 저녁에 혼자서 여동생이 편지를 쓰셨다.,close,여동생이,이,편지를 쓰셨다,쓰셨다,False,True
3,95,noun_only,어제 저녁에 혼자서 여동생께서 편지를 썼다.,close,여동생께서,께서,편지를 썼다,썼다,False,False
3,95,all_honorific,어제 저녁에 혼자서 여동생께서 편지를 쓰셨다.,close,여동생께서,께서,편지를 쓰셨다,쓰셨다,True,True
3,96,no_honorific,어제 저녁에 혼자서 여동생이 노래를 불렀다.,close,여동생이,이,노래를 불렀다,불렀다,True,True
3,96,verb_only,어제 저녁에 혼자서 여동생이 노래를 부르셨다.,close,여동생이,이,노래를 부르셨다,부르셨다,False,True
3,96,noun_only,어제 저녁에 혼자서 여동생께서 노래를 불렀다.,close,여동생께서,께서,노래를 불렀다,불렀다,False,False
3,96,all_honorific,어제 저녁에 혼자서 여동생께서 노래를 부르셨다.,close,여동생께서,께서,노래를 부르셨다,부르셨다,True,True
3,97,no_honorific,어제 저녁에 혼자서 여동생이 티비를 봤다.,close,여동생이,이,티비를 봤다,봤다,True,True
3,97,verb_only,어제 저녁에 혼자서 여동생이 티비를 보셨다.,close,여동생이,이,티비를 보셨다,보셨다,False,True
3,97,noun_only,어제 저녁에 혼자서 여동생께서 티비를 봤다.,close,여동생께서,께서,티비를 봤다,봤다,False,False
3,97,all_honorific,어제 저녁에 혼자서 여동생께서 티비를 보셨다.,close,여동생께서,께서,티비를 보셨다,보셨다,True,True
3,98,no_honorific,어제 저녁에 혼자서 여동생이 산책을 했다.,close,여동생이,이,산책을 했다,했다,True,True
3,98,verb_only,어제 저녁에 혼자서 여동생이 산책을 하셨다.,close,여동생이,이,산책을 하셨다,하셨다,False,True
3,98,noun_only,어제 저녁에 혼자서 여동생께서 산책을 했다.,close,여동생께서,께서,산책을 했다,했다,False,False
3,98,all_honorific,어제 저녁에 혼자서 여동생께서 산책을 하셨다.,close,여동생께서,께서,산책을 하셨다,하셨다,True,True
3,99,no_honorific,어제 저녁에 혼자서 여동생이 정원을 가꿨다.,close,여동생이,이,정원을 가꿨다,가꿨다,True,True
3,99,verb_only,어제 저녁에 혼자서 여동생이 정원을 가꾸셨다.,close,여동생이,이,정원을 가꾸셨다,가꾸셨다,False,True
3,99,noun_only,어제 저녁에 혼자서 여동생께서 정원을 가꿨다.,close,여동생께서,께서,정원을 가꿨다,가꿨다,False,False
3,99,all_honorific,어제 저녁에 혼자서 여동생께서 정원을 가꾸셨다.,close,여동생께서,께서,정원을 가꾸셨다,가꾸셨다,True,True
3,100,no_honorific,어제 저녁에 혼자서 여동생이 빨래를 널었다.,close,여동생이,이,빨래를 널었다,널었다,True,True
3,100,verb_only,어제 저녁에 혼자서 여동생이 빨래를 널으셨다.,close,여동생이,이,빨래를 널으셨다,널으셨다,False,True
3,100,noun_only,어제 저녁에 혼자서 여동생께서 빨래를 널었다.,close,여동생께서,께서,빨래를 널었다,널었다,False,False
3,100,all_honorific,어제 저녁에 혼자서 여동생께서 빨래를 널으셨다.,close,여동생께서,께서,빨래를 널으셨다,널으셨다,True,True
3,101,no_honorific,아이가 어제 저녁에 혼자서 책을 읽었다.,far,아이가,가,책을 읽었다,읽었다,True,True
3,101,verb_only,아이가 어제 저녁에 혼자서 책을 읽으셨다.,far,아이가,가,책을 읽으셨다,읽으셨다,False,True
3,101,noun_only,아이께서 어제 저녁에 혼자서 책을 읽었다.,far,아이께서,께서,책을 읽었다,읽었다,False,False
3,101,all_honorific,아이께서 어제 저녁에 혼자서 책을 읽으셨다.,far,아이께서,께서,책을 읽으셨다,읽으셨다,True,True
3,102,no_honorific,아이가 어제 저녁에 혼자서 파스타를 먹었다.,far,아이가,가,파스타를 먹었다,먹었다,True,True
3,102,verb_only,아이가 어제 저녁에 혼자서 파스타를 드셨다.,far,아이가,가,파스타를 드셨다,드셨다,False,True
3,102,noun_only,아이께서 어제 저녁에 혼자서 파스타를 먹었다.,far,아이께서,께서,파스타를 먹었다,먹었다,False,False
3,102,all_honorific,아이께서 어제 저녁에 혼자서 파스타를 드셨다.,far,아이께서,께서,파스타를 드셨다,드셨다,True,True
3,103,no_honorific,아이가 어제 저녁에 혼자서 호통을 쳤다.,far,아이가,가,호통을 쳤다,쳤다,True,True
3,103,verb_only,아이가 어제 저녁에 혼자서 호통을 치셨다.,far,아이가,가,호통을 치셨다,치셨다,False,True
3,103,noun_only,아이께서 어제 저녁에 혼자서 호통을 쳤다.,far,아이께서,께서,호통을 쳤다,쳤다,False,False
3,103,all_honorific,아이께서 어제 저녁에 혼자서 호통을 치셨다.,far,아이께서,께서,호통을 치셨다,치셨다,True,True
3,104,no_honorific,아이가 어제 저녁에 혼자서 핸드폰을 샀다.,far,아이가,가,핸드폰을 샀다,샀다,True,True
3,104,verb_only,아이가 어제 저녁에 혼자서 핸드폰을 사셨다.,far,아이가,가,핸드폰을 사셨다,사셨다,False,True
3,104,noun_only,아이께서 어제 저녁에 혼자서 핸드폰을 샀다.,far,아이께서,께서,핸드폰을 샀다,샀다,False,False
3,104,all_honorific,아이께서 어제 저녁에 혼자서 핸드폰을 사셨다.,far,아이께서,께서,핸드폰을 사셨다,사셨다,True,True
3,105,no_honorific,아이가 어제 저녁에 혼자서 편지를 썼다.,far,아이가,가,편지를 썼다,썼다,True,True
3,105,verb_only,아이가 어제 저녁에 혼자서 편지를 쓰셨다.,far,아이가,가,편지를 쓰셨다,쓰셨다,False,True
3,105,noun_only,아이께서 어제 저녁에 혼자서 편지를 썼다.,far,아이께서,께서,편지를 썼다,썼다,False,False
3,105,all_honorific,아이께서 어제 저녁에 혼자서 편지를 쓰셨다.,far,아이께서,께서,편지를 쓰셨다,쓰셨다,True,True
3,106,no_honorific,아이가 어제 저녁에 혼자서 노래를 불렀다.,far,아이가,가,노래를 불렀다,불렀다,True,True
3,106,verb_only,아이가 어제 저녁에 혼자서 노래를 부르셨다.,far,아이가,가,노래를 부르셨다,부르셨다,False,True
3,106,noun_only,아이께서 어제 저녁에 혼자서 노래를 불렀다.,far,아이께서,께서,노래를 불렀다,불렀다,False,False
3,106,all_honorific,아이께서 어제 저녁에 혼자서 노래를 부르셨다.,far,아이께서,께서,노래를 부르셨다,부르셨다,True,True
3,107,no_honorific,아이가 어제 저녁에 혼자서 티비를 봤다.,far,아이가,가,티비를 봤다,봤다,True,True
3,107,verb_only,아이가 어제 저녁에 혼자서 티비를 보셨다.,far,아이가,가,티비를 보셨다,보셨다,False,True
3,107,noun_only,아이께서 어제 저녁에 혼자서 티비를 봤다.,far,아이께서,께서,티비를 봤다,봤다,False,False
3,107,all_honorific,아이께서 어제 저녁에 혼자서 티비를 보셨다.,far,아이께서,께서,티비를 보셨다,보셨다,True,True
3,108,no_honorific,아이가 어제 저녁에 혼자서 산책을 했다.,far,아이가,가,산책을 했다,했다,True,True
3,108,verb_only,아이가 어제 저녁에 혼자서 산책을 하셨다.,far,아이가,가,산책을 하셨다,하셨다,False,True
3,108,noun_only,아이께서 어제 저녁에 혼자서 산책을 했다.,far,아이께서,께서,산책을 했다,했다,False,False
3,108,all_honorific,아이께서 어제 저녁에 혼자서 산책을 하셨다.,far,아이께서,께서,산책을 하셨다,하셨다,True,True
3,109,no_honorific,아이가 어제 저녁에 혼자서 정원을 가꿨다.,far,아이가,가,정원을 가꿨다,가꿨다,True,True
3,109,verb_only,아이가 어제 저녁에 혼자서 정원을 가꾸셨다.,far,아이가,가,정원을 가꾸셨다,가꾸셨다,False,True
3,109,noun_only,아이께서 어제 저녁에 혼자서 정원을 가꿨다.,far,아이께서,께서,정원을 가꿨다,가꿨다,False,False
3,109,all_honorific,아이께서 어제 저녁에 혼자서 정원을 가꾸셨다.,far,아이께서,께서,정원을 가꾸셨다,가꾸셨다,True,True
3,110,no_honorific,아이가 어제 저녁에 혼자서 빨래를 널었다.,far,아이가,가,빨래를 널었다,널었다,True,True
3,110,verb_only,아이가 어제 저녁에 혼자서 빨래를 널으셨다.,far,아이가,가,빨래를 널으셨다,널으셨다,False,True
3,110,noun_only,아이께서 어제 저녁에 혼자서 빨래를 널었다.,far,아이께서,께서,빨래를 널었다,널었다,False,False
3,110,all_honorific,아이께서 어제 저녁에 혼자서 빨래를 널으셨다.,far,아이께서,께서,빨래를 널으셨다,널으셨다,True,True
3,111,no_honorific,꼬마가 어제 저녁에 혼자서 책을 읽었다.,far,꼬마가,가,책을 읽었다,읽었다,True,True
3,111,verb_only,꼬마가 어제 저녁에 혼자서 책을 읽으셨다.,far,꼬마가,가,책을 읽으셨다,읽으셨다,False,True
3,111,noun_only,꼬마께서 어제 저녁에 혼자서 책을 읽었다.,far,꼬마께서,께서,책을 읽었다,읽었다,False,False
3,111,all_honorific,꼬마께서 어제 저녁에 혼자서 책을 읽으셨다.,far,꼬마께서,께서,책을 읽으셨다,읽으셨다,True,True
3,112,no_honorific,꼬마가 어제 저녁에 혼자서 파스타를 먹었다.,far,꼬마가,가,파스타를 먹었다,먹었다,True,True
3,112,verb_only,꼬마가 어제 저녁에 혼자서 파스타를 드셨다.,far,꼬마가,가,파스타를 드셨다,드셨다,False,True
3,112,noun_only,꼬마께서 어제 저녁에 혼자서 파스타를 먹었다.,far,꼬마께서,께서,파스타를 먹었다,먹었다,False,False
3,112,all_honorific,꼬마께서 어제 저녁에 혼자서 파스타를 드셨다.,far,꼬마께서,께서,파스타를 드셨다,드셨다,True,True
3,113,no_honorific,꼬마가 어제 저녁에 혼자서 호통을 쳤다.,far,꼬마가,가,호통을 쳤다,쳤다,True,True
3,113,verb_only,꼬마가 어제 저녁에 혼자서 호통을 치셨다.,far,꼬마가,가,호통을 치셨다,치셨다,False,True
3,113,noun_only,꼬마께서 어제 저녁에 혼자서 호통을 쳤다.,far,꼬마께서,께서,호통을 쳤다,쳤다,False,False
3,113,all_honorific,꼬마께서 어제 저녁에 혼자서 호통을 치셨다.,far,꼬마께서,께서,호통을 치셨다,치셨다,True,True
3,114,no_honorific,꼬마가 어제 저녁에 혼자서 핸드폰을 샀다.,far,꼬마가,가,핸드폰을 샀다,샀다,True,True
3,114,verb_only,꼬마가 어제 저녁에 혼자서 핸드폰을 사셨다.,far,꼬마가,가,핸드폰을 사셨다,사셨다,False,True
3,114,noun_only,꼬마께서 어제 저녁에 혼자서 핸드폰을 샀다.,far,꼬마께서,께서,핸드폰을 샀다,샀다,False,False
3,114,all_honorific,꼬마께서 어제 저녁에 혼자서 핸드폰을 사셨다.,far,꼬마께서,께서,핸드폰을 사셨다,사셨다,True,True
3,115,no_honorific,꼬마가 어제 저녁에 혼자서 편지를 썼다.,far,꼬마가,가,편지를 썼다,썼다,True,True
3,115,verb_only,꼬마가 어제 저녁에 혼자서 편지를 쓰셨다.,far,꼬마가,가,편지를 쓰셨다,쓰셨다,False,True
3,115,noun_only,꼬마께서 어제 저녁에 혼자서 편지를 썼다.,far,꼬마께서,께서,편지를 썼다,썼다,False,False
3,115,all_honorific,꼬마께서 어제 저녁에 혼자서 편지를 쓰셨다.,far,꼬마께서,께서,편지를 쓰셨다,쓰셨다,True,True
3,116,no_honorific,꼬마가 어제 저녁에 혼자서 노래를 불렀다.,far,꼬마가,가,노래를 불렀다,불렀다,True,True
3,116,verb_only,꼬마가 어제 저녁에 혼자서 노래를 부르셨다.,far,꼬마가,가,노래를 부르셨다,부르셨다,False,True
3,116,noun_only,꼬마께서 어제 저녁에 혼자서 노래를 불렀다.,far,꼬마께서,께서,노래를 불렀다,불렀다,False,False
3,116,all_honorific,꼬마께서 어제 저녁에 혼자서 노래를 부르셨다.,far,꼬마께서,께서,노래를 부르셨다,부르셨다,True,True
3,117,no_honorific,꼬마가 어제 저녁에 혼자서 티비를 봤다.,far,꼬마가,가,티비를 봤다,봤다,True,True
3,117,verb_only,꼬마가 어제 저녁에 혼자서 티비를 보셨다.,far,꼬마가,가,티비를 보셨다,보셨다,False,True
3,117,noun_only,꼬마께서 어제 저녁에 혼자서 티비를 봤다.,far,꼬마께서,께서,티비를 봤다,봤다,False,False
3,117,all_honorific,꼬마께서 어제 저녁에 혼자서 티비를 보셨다.,far,꼬마께서,께서,티비를 보셨다,보셨다,True,True
3,118,no_honorific,꼬마가 어제 저녁에 혼자서 산책을 했다.,far,꼬마가,가,산책을 했다,했다,True,True
3,118,verb_only,꼬마가 어제 저녁에 혼자서 산책을 하셨다.,far,꼬마가,가,산책을 하셨다,하셨다,False,True
3,118,noun_only,꼬마께서 어제 저녁에 혼자서 산책을 했다.,far,꼬마께서,께서,산책을 했다,했다,False,False
3,118,all_honorific,꼬마께서 어제 저녁에 혼자서 산책을 하셨다.,far,꼬마께서,께서,산책을 하셨다,하셨다,True,True
3,119,no_honorific,꼬마가 어제 저녁에 혼자서 정원을 가꿨다.,far,꼬마가,가,정원을 가꿨다,가꿨다,True,True
3,119,verb_only,꼬마가 어제 저녁에 혼자서 정원을 가꾸셨다.,far,꼬마가,가,정원을 가꾸셨다,가꾸셨다,False,True
3,119,noun_only,꼬마께서 어제 저녁에 혼자서 정원을 가꿨다.,far,꼬마께서,께서,정원을 가꿨다,가꿨다,False,False
3,119,all_honorific,꼬마께서 어제 저녁에 혼자서 정원을 가꾸셨다.,far,꼬마께서,께서,정원을 가꾸셨다,가꾸셨다,True,True
3,120,no_honorific,꼬마가 어제 저녁에 혼자서 빨래를 널었다.,far,꼬마가,가,빨래를 널었다,널었다,True,True
3,120,verb_only,꼬마가 어제 저녁에 혼자서 빨래를 널으셨다.,far,꼬마가,가,빨래를 널으셨다,널으셨다,False,True
3,120,noun_only,꼬마께서 어제 저녁에 혼자서 빨래를 널었다.,far,꼬마께서,께서,빨래를 널었다,널었다,False,False
3,120,all_honorific,꼬마께서 어제 저녁에 혼자서 빨래를 널으셨다.,far,꼬마께서,께서,빨래를 널으셨다,널으셨다,True,True
3,121,no_honorific,남자가 어제 저녁에 혼자서 책을 읽었다.,far,남자가,가,책을 읽었다,읽었다,True,True
3,121,verb_only,남자가 어제 저녁에 혼자서 책을 읽으셨다.,far,남자가,가,책을 읽으셨다,읽으셨다,False,True
3,121,noun_only,남자께서 어제 저녁에 혼자서 책을 읽었다.,far,남자께서,께서,책을 읽었다,읽었다,False,False
3,121,all_honorific,남자께서 어제 저녁에 혼자서 책을 읽으셨다.,far,남자께서,께서,책을 읽으셨다,읽으셨다,True,True
3,122,no_honorific,남자가 어제 저녁에 혼자서 파스타를 먹었다.,far,남자가,가,파스타를 먹었다,먹었다,True,True
3,122,verb_only,남자가 어제 저녁에 혼자서 파스타를 드셨다.,far,남자가,가,파스타를 드셨다,드셨다,False,True
3,122,noun_only,남자께서 어제 저녁에 혼자서 파스타를 먹었다.,far,남자께서,께서,파스타를 먹었다,먹었다,False,False
3,122,all_honorific,남자께서 어제 저녁에 혼자서 파스타를 드셨다.,far,남자께서,께서,파스타를 드셨다,드셨다,True,True
3,123,no_honorific,남자가 어제 저녁에 혼자서 호통을 쳤다.,far,남자가,가,호통을 쳤다,쳤다,True,True
3,123,verb_only,남자가 어제 저녁에 혼자서 호통을 치셨다.,far,남자가,가,호통을 치셨다,치셨다,False,True
3,123,noun_only,남자께서 어제 저녁에 혼자서 호통을 쳤다.,far,남자께서,께서,호통을 쳤다,쳤다,False,False
3,123,all_honorific,남자께서 어제 저녁에 혼자서 호통을 치셨다.,far,남자께서,께서,호통을 치셨다,치셨다,True,True
3,124,no_honorific,남자가 어제 저녁에 혼자서 핸드폰을 샀다.,far,남자가,가,핸드폰을 샀다,샀다,True,True
3,124,verb_only,남자가 어제 저녁에 혼자서 핸드폰을 사셨다.,far,남자가,가,핸드폰을 사셨다,사셨다,False,True
3,124,noun_only,남자께서 어제 저녁에 혼자서 핸드폰을 샀다.,far,남자께서,께서,핸드폰을 샀다,샀다,False,False
3,124,all_honorific,남자께서 어제 저녁에 혼자서 핸드폰을 사셨다.,far,남자께서,께서,핸드폰을 사셨다,사셨다,True,True
3,125,no_honorific,남자가 어제 저녁에 혼자서 편지를 썼다.,far,남자가,가,편지를 썼다,썼다,True,True
3,125,verb_only,남자가 어제 저녁에 혼자서 편지를 쓰셨다.,far,남자가,가,편지를 쓰셨다,쓰셨다,False,True
3,125,noun_only,남자께서 어제 저녁에 혼자서 편지를 썼다.,far,남자께서,께서,편지를 썼다,썼다,False,False
3,125,all_honorific,남자께서 어제 저녁에 혼자서 편지를 쓰셨다.,far,남자께서,께서,편지를 쓰셨다,쓰셨다,True,True
3,126,no_honorific,남자가 어제 저녁에 혼자서 노래를 불렀다.,far,남자가,가,노래를 불렀다,불렀다,True,True
3,126,verb_only,남자가 어제 저녁에 혼자서 노래를 부르셨다.,far,남자가,가,노래를 부르셨다,부르셨다,False,True
3,126,noun_only,남자께서 어제 저녁에 혼자서 노래를 불렀다.,far,남자께서,께서,노래를 불렀다,불렀다,False,False
3,126,all_honorific,남자께서 어제 저녁에 혼자서 노래를 부르셨다.,far,남자께서,께서,노래를 부르셨다,부르셨다,True,True
3,127,no_honorific,남자가 어제 저녁에 혼자서 티비를 봤다.,far,남자가,가,티비를 봤다,봤다,True,True
3,127,verb_only,남자가 어제 저녁에 혼자서 티비를 보셨다.,far,남자가,가,티비를 보셨다,보셨다,False,True
3,127,noun_only,남자께서 어제 저녁에 혼자서 티비를 봤다.,far,남자께서,께서,티비를 봤다,봤다,False,False
3,127,all_honorific,남자께서 어제 저녁에 혼자서 티비를 보셨다.,far,남자께서,께서,티비를 보셨다,보셨다,True,True
3,128,no_honorific,남자가 어제 저녁에 혼자서 산책을 했다.,far,남자가,가,산책을 했다,했다,True,True
3,128,verb_only,남자가 어제 저녁에 혼자서 산책을 하셨다.,far,남자가,가,산책을 하셨다,하셨다,False,True
3,128,noun_only,남자께서 어제 저녁에 혼자서 산책을 했다.,far,남자께서,께서,산책을 했다,했다,False,False
3,128,all_honorific,남자께서 어제 저녁에 혼자서 산책을 하셨다.,far,남자께서,께서,산책을 하셨다,하셨다,True,True
3,129,no_honorific,남자가 어제 저녁에 혼자서 정원을 가꿨다.,far,남자가,가,정원을 가꿨다,가꿨다,True,True
3,129,verb_only,남자가 어제 저녁에 혼자서 정원을 가꾸셨다.,far,남자가,가,정원을 가꾸셨다,가꾸셨다,False,True
3,129,noun_only,남자께서 어제 저녁에 혼자서 정원을 가꿨다.,far,남자께서,께서,정원을 가꿨다,가꿨다,False,False
3,129,all_honorific,남자께서 어제 저녁에 혼자서 정원을 가꾸셨다.,far,남자께서,께서,정원을 가꾸셨다,가꾸셨다,True,True
3,130,no_honorific,남자가 어제 저녁에 혼자서 빨래를 널었다.,far,남자가,가,빨래를 널었다,널었다,True,True
3,130,verb_only,남자가 어제 저녁에 혼자서 빨래를 널으셨다.,far,남자가,가,빨래를 널으셨다,널으셨다,False,True
3,130,noun_only,남자께서 어제 저녁에 혼자서 빨래를 널었다.,far,남자께서,께서,빨래를 널었다,널었다,False,False
3,130,all_honorific,남자께서 어제 저녁에 혼자서 빨래를 널으셨다.,far,남자께서,께서,빨래를 널으셨다,널으셨다,True,True
3,131,no_honorific,여자가 어제 저녁에 혼자서 책을 읽었다.,far,여자가,가,책을 읽었다,읽었다,True,True
3,131,verb_only,여자가 어제 저녁에 혼자서 책을 읽으셨다.,far,여자가,가,책을 읽으셨다,읽으셨다,False,True
3,131,noun_only,여자께서 어제 저녁에 혼자서 책을 읽었다.,far,여자께서,께서,책을 읽었다,읽었다,False,False
3,131,all_honorific,여자께서 어제 저녁에 혼자서 책을 읽으셨다.,far,여자께서,께서,책을 읽으셨다,읽으셨다,True,True
3,132,no_honorific,여자가 어제 저녁에 혼자서 파스타를 먹었다.,far,여자가,가,파스타를 먹었다,먹었다,True,True
3,132,verb_only,여자가 어제 저녁에 혼자서 파스타를 드셨다.,far,여자가,가,파스타를 드셨다,드셨다,False,True
3,132,noun_only,여자께서 어제 저녁에 혼자서 파스타를 먹었다.,far,여자께서,께서,파스타를 먹었다,먹었다,False,False
3,132,all_honorific,여자께서 어제 저녁에 혼자서 파스타를 드셨다.,far,여자께서,께서,파스타를 드셨다,드셨다,True,True
3,133,no_honorific,여자가 어제 저녁에 혼자서 호통을 쳤다.,far,여자가,가,호통을 쳤다,쳤다,True,True
3,133,verb_only,여자가 어제 저녁에 혼자서 호통을 치셨다.,far,여자가,가,호통을 치셨다,치셨다,False,True
3,133,noun_only,여자께서 어제 저녁에 혼자서 호통을 쳤다.,far,여자께서,께서,호통을 쳤다,쳤다,False,False
3,133,all_honorific,여자께서 어제 저녁에 혼자서 호통을 치셨다.,far,여자께서,께서,호통을 치셨다,치셨다,True,True
3,134,no_honorific,여자가 어제 저녁에 혼자서 핸드폰을 샀다.,far,여자가,가,핸드폰을 샀다,샀다,True,True
3,134,verb_only,여자가 어제 저녁에 혼자서 핸드폰을 사셨다.,far,여자가,가,핸드폰을 사셨다,사셨다,False,True
3,134,noun_only,여자께서 어제 저녁에 혼자서 핸드폰을 샀다.,far,여자께서,께서,핸드폰을 샀다,샀다,False,False
3,134,all_honorific,여자께서 어제 저녁에 혼자서 핸드폰을 사셨다.,far,여자께서,께서,핸드폰을 사셨다,사셨다,True,True
3,135,no_honorific,여자가 어제 저녁에 혼자서 편지를 썼다.,far,여자가,가,편지를 썼다,썼다,True,True
3,135,verb_only,여자가 어제 저녁에 혼자서 편지를 쓰셨다.,far,여자가,가,편지를 쓰셨다,쓰셨다,False,True
3,135,noun_only,여자께서 어제 저녁에 혼자서 편지를 썼다.,far,여자께서,께서,편지를 썼다,썼다,False,False
3,135,all_honorific,여자께서 어제 저녁에 혼자서 편지를 쓰셨다.,far,여자께서,께서,편지를 쓰셨다,쓰셨다,True,True
3,136,no_honorific,여자가 어제 저녁에 혼자서 노래를 불렀다.,far,여자가,가,노래를 불렀다,불렀다,True,True
3,136,verb_only,여자가 어제 저녁에 혼자서 노래를 부르셨다.,far,여자가,가,노래를 부르셨다,부르셨다,False,True
3,136,noun_only,여자께서 어제 저녁에 혼자서 노래를 불렀다.,far,여자께서,께서,노래를 불렀다,불렀다,False,False
3,136,all_honorific,여자께서 어제 저녁에 혼자서 노래를 부르셨다.,far,여자께서,께서,노래를 부르셨다,부르셨다,True,True
3,137,no_honorific,여자가 어제 저녁에 혼자서 티비를 봤다.,far,여자가,가,티비를 봤다,봤다,True,True
3,137,verb_only,여자가 어제 저녁에 혼자서 티비를 보셨다.,far,여자가,가,티비를 보셨다,보셨다,False,True
3,137,noun_only,여자께서 어제 저녁에 혼자서 티비를 봤다.,far,여자께서,께서,티비를 봤다,봤다,False,False
3,137,all_honorific,여자께서 어제 저녁에 혼자서 티비를 보셨다.,far,여자께서,께서,티비를 보셨다,보셨다,True,True
3,138,no_honorific,여자가 어제 저녁에 혼자서 산책을 했다.,far,여자가,가,산책을 했다,했다,True,True
3,138,verb_only,여자가 어제 저녁에 혼자서 산책을 하셨다.,far,여자가,가,산책을 하셨다,하셨다,False,True
3,138,noun_only,여자께서 어제 저녁에 혼자서 산책을 했다.,far,여자께서,께서,산책을 했다,했다,False,False
3,138,all_honorific,여자께서 어제 저녁에 혼자서 산책을 하셨다.,far,여자께서,께서,산책을 하셨다,하셨다,True,True
3,139,no_honorific,여자가 어제 저녁에 혼자서 정원을 가꿨다.,far,여자가,가,정원을 가꿨다,가꿨다,True,True
3,139,verb_only,여자가 어제 저녁에 혼자서 정원을 가꾸셨다.,far,여자가,가,정원을 가꾸셨다,가꾸셨다,False,True
3,139,noun_only,여자께서 어제 저녁에 혼자서 정원을 가꿨다.,far,여자께서,께서,정원을 가꿨다,가꿨다,False,False
3,139,all_honorific,여자께서 어제 저녁에 혼자서 정원을 가꾸셨다.,far,여자께서,께서,정원을 가꾸셨다,가꾸셨다,True,True
3,140,no_honorific,여자가 어제 저녁에 혼자서 빨래를 널었다.,far,여자가,가,빨래를 널었다,널었다,True,True
3,140,verb_only,여자가 어제 저녁에 혼자서 빨래를 널으셨다.,far,여자가,가,빨래를 널으셨다,널으셨다,False,True
3,140,noun_only,여자께서 어제 저녁에 혼자서 빨래를 널었다.,far,여자께서,께서,빨래를 널었다,널었다,False,False
3,140,all_honorific,여자께서 어제 저녁에 혼자서 빨래를 널으셨다.,far,여자께서,께서,빨래를 널으셨다,널으셨다,True,True
3,141,no_honorific,딸이 어제 저녁에 혼자서 책을 읽었다.,far,딸이,이,책을 읽었다,읽었다,True,True
3,141,verb_only,딸이 어제 저녁에 혼자서 책을 읽으셨다.,far,딸이,이,책을 읽으셨다,읽으셨다,False,True
3,141,noun_only,딸께서 어제 저녁에 혼자서 책을 읽었다.,far,딸께서,께서,책을 읽었다,읽었다,False,False
3,141,all_honorific,딸께서 어제 저녁에 혼자서 책을 읽으셨다.,far,딸께서,께서,책을 읽으셨다,읽으셨다,True,True
3,142,no_honorific,딸이 어제 저녁에 혼자서 파스타를 먹었다.,far,딸이,이,파스타를 먹었다,먹었다,True,True
3,142,verb_only,딸이 어제 저녁에 혼자서 파스타를 드셨다.,far,딸이,이,파스타를 드셨다,드셨다,False,True
3,142,noun_only,딸께서 어제 저녁에 혼자서 파스타를 먹었다.,far,딸께서,께서,파스타를 먹었다,먹었다,False,False
3,142,all_honorific,딸께서 어제 저녁에 혼자서 파스타를 드셨다.,far,딸께서,께서,파스타를 드셨다,드셨다,True,True
3,143,no_honorific,딸이 어제 저녁에 혼자서 호통을 쳤다.,far,딸이,이,호통을 쳤다,쳤다,True,True
3,143,verb_only,딸이 어제 저녁에 혼자서 호통을 치셨다.,far,딸이,이,호통을 치셨다,치셨다,False,True
3,143,noun_only,딸께서 어제 저녁에 혼자서 호통을 쳤다.,far,딸께서,께서,호통을 쳤다,쳤다,False,False
3,143,all_honorific,딸께서 어제 저녁에 혼자서 호통을 치셨다.,far,딸께서,께서,호통을 치셨다,치셨다,True,True
3,144,no_honorific,딸이 어제 저녁에 혼자서 핸드폰을 샀다.,far,딸이,이,핸드폰을 샀다,샀다,True,True
3,144,verb_only,딸이 어제 저녁에 혼자서 핸드폰을 사셨다.,far,딸이,이,핸드폰을 사셨다,사셨다,False,True
3,144,noun_only,딸께서 어제 저녁에 혼자서 핸드폰을 샀다.,far,딸께서,께서,핸드폰을 샀다,샀다,False,False
3,144,all_honorific,딸께서 어제 저녁에 혼자서 핸드폰을 사셨다.,far,딸께서,께서,핸드폰을 사셨다,사셨다,True,True
3,145,no_honorific,딸이 어제 저녁에 혼자서 편지를 썼다.,far,딸이,이,편지를 썼다,썼다,True,True
3,145,verb_only,딸이 어제 저녁에 혼자서 편지를 쓰셨다.,far,딸이,이,편지를 쓰셨다,쓰셨다,False,True
3,145,noun_only,딸께서 어제 저녁에 혼자서 편지를 썼다.,far,딸께서,께서,편지를 썼다,썼다,False,False
3,145,all_honorific,딸께서 어제 저녁에 혼자서 편지를 쓰셨다.,far,딸께서,께서,편지를 쓰셨다,쓰셨다,True,True
3,146,no_honorific,딸이 어제 저녁에 혼자서 노래를 불렀다.,far,딸이,이,노래를 불렀다,불렀다,True,True
3,146,verb_only,딸이 어제 저녁에 혼자서 노래를 부르셨다.,far,딸이,이,노래를 부르셨다,부르셨다,False,True
3,146,noun_only,딸께서 어제 저녁에 혼자서 노래를 불렀다.,far,딸께서,께서,노래를 불렀다,불렀다,False,False
3,146,all_honorific,딸께서 어제 저녁에 혼자서 노래를 부르셨다.,far,딸께서,께서,노래를 부르셨다,부르셨다,True,True
3,147,no_honorific,딸이 어제 저녁에 혼자서 티비를 봤다.,far,딸이,이,티비를 봤다,봤다,True,True
3,147,verb_only,딸이 어제 저녁에 혼자서 티비를 보셨다.,far,딸이,이,티비를 보셨다,보셨다,False,True
3,147,noun_only,딸께서 어제 저녁에 혼자서 티비를 봤다.,far,딸께서,께서,티비를 봤다,봤다,False,False
3,147,all_honorific,딸께서 어제 저녁에 혼자서 티비를 보셨다.,far,딸께서,께서,티비를 보셨다,보셨다,True,True
3,148,no_honorific,딸이 어제 저녁에 혼자서 산책을 했다.,far,딸이,이,산책을 했다,했다,True,True
3,148,verb_only,딸이 어제 저녁에 혼자서 산책을 하셨다.,far,딸이,이,산책을 하셨다,하셨다,False,True
3,148,noun_only,딸께서 어제 저녁에 혼자서 산책을 했다.,far,딸께서,께서,산책을 했다,했다,False,False
3,148,all_honorific,딸께서 어제 저녁에 혼자서 산책을 하셨다.,far,딸께서,께서,산책을 하셨다,하셨다,True,True
3,149,no_honorific,딸이 어제 저녁에 혼자서 정원을 가꿨다.,far,딸이,이,정원을 가꿨다,가꿨다,True,True
3,149,verb_only,딸이 어제 저녁에 혼자서 정원을 가꾸셨다.,far,딸이,이,정원을 가꾸셨다,가꾸셨다,False,True
3,149,noun_only,딸께서 어제 저녁에 혼자서 정원을 가꿨다.,far,딸께서,께서,정원을 가꿨다,가꿨다,False,False
3,149,all_honorific,딸께서 어제 저녁에 혼자서 정원을 가꾸셨다.,far,딸께서,께서,정원을 가꾸셨다,가꾸셨다,True,True
3,150,no_honorific,딸이 어제 저녁에 혼자서 빨래를 널었다.,far,딸이,이,빨래를 널었다,널었다,True,True
3,150,verb_only,딸이 어제 저녁에 혼자서 빨래를 널으셨다.,far,딸이,이,빨래를 널으셨다,널으셨다,False,True
3,150,noun_only,딸께서 어제 저녁에 혼자서 빨래를 널었다.,far,딸께서,께서,빨래를 널었다,널었다,False,False
3,150,all_honorific,딸께서 어제 저녁에 혼자서 빨래를 널으셨다.,far,딸께서,께서,빨래를 널으셨다,널으셨다,True,True
3,151,no_honorific,아들이 어제 저녁에 혼자서 책을 읽었다.,far,아들이,이,책을 읽었다,읽었다,True,True
3,151,verb_only,아들이 어제 저녁에 혼자서 책을 읽으셨다.,far,아들이,이,책을 읽으셨다,읽으셨다,False,True
3,151,noun_only,아들께서 어제 저녁에 혼자서 책을 읽었다.,far,아들께서,께서,책을 읽었다,읽었다,False,False
3,151,all_honorific,아들께서 어제 저녁에 혼자서 책을 읽으셨다.,far,아들께서,께서,책을 읽으셨다,읽으셨다,True,True
3,152,no_honorific,아들이 어제 저녁에 혼자서 파스타를 먹었다.,far,아들이,이,파스타를 먹었다,먹었다,True,True
3,152,verb_only,아들이 어제 저녁에 혼자서 파스타를 드셨다.,far,아들이,이,파스타를 드셨다,드셨다,False,True
3,152,noun_only,아들께서 어제 저녁에 혼자서 파스타를 먹었다.,far,아들께서,께서,파스타를 먹었다,먹었다,False,False
3,152,all_honorific,아들께서 어제 저녁에 혼자서 파스타를 드셨다.,far,아들께서,께서,파스타를 드셨다,드셨다,True,True
3,153,no_honorific,아들이 어제 저녁에 혼자서 호통을 쳤다.,far,아들이,이,호통을 쳤다,쳤다,True,True
3,153,verb_only,아들이 어제 저녁에 혼자서 호통을 치셨다.,far,아들이,이,호통을 치셨다,치셨다,False,True
3,153,noun_only,아들께서 어제 저녁에 혼자서 호통을 쳤다.,far,아들께서,께서,호통을 쳤다,쳤다,False,False
3,153,all_honorific,아들께서 어제 저녁에 혼자서 호통을 치셨다.,far,아들께서,께서,호통을 치셨다,치셨다,True,True
3,154,no_honorific,아들이 어제 저녁에 혼자서 핸드폰을 샀다.,far,아들이,이,핸드폰을 샀다,샀다,True,True
3,154,verb_only,아들이 어제 저녁에 혼자서 핸드폰을 사셨다.,far,아들이,이,핸드폰을 사셨다,사셨다,False,True
3,154,noun_only,아들께서 어제 저녁에 혼자서 핸드폰을 샀다.,far,아들께서,께서,핸드폰을 샀다,샀다,False,False
3,154,all_honorific,아들께서 어제 저녁에 혼자서 핸드폰을 사셨다.,far,아들께서,께서,핸드폰을 사셨다,사셨다,True,True
3,155,no_honorific,아들이 어제 저녁에 혼자서 편지를 썼다.,far,아들이,이,편지를 썼다,썼다,True,True
3,155,verb_only,아들이 어제 저녁에 혼자서 편지를 쓰셨다.,far,아들이,이,편지를 쓰셨다,쓰셨다,False,True
3,155,noun_only,아들께서 어제 저녁에 혼자서 편지를 썼다.,far,아들께서,께서,편지를 썼다,썼다,False,False
3,155,all_honorific,아들께서 어제 저녁에 혼자서 편지를 쓰셨다.,far,아들께서,께서,편지를 쓰셨다,쓰셨다,True,True
3,156,no_honorific,아들이 어제 저녁에 혼자서 노래를 불렀다.,far,아들이,이,노래를 불렀다,불렀다,True,True
3,156,verb_only,아들이 어제 저녁에 혼자서 노래를 부르셨다.,far,아들이,이,노래를 부르셨다,부르셨다,False,True
3,156,noun_only,아들께서 어제 저녁에 혼자서 노래를 불렀다.,far,아들께서,께서,노래를 불렀다,불렀다,False,False
3,156,all_honorific,아들께서 어제 저녁에 혼자서 노래를 부르셨다.,far,아들께서,께서,노래를 부르셨다,부르셨다,True,True
3,157,no_honorific,아들이 어제 저녁에 혼자서 티비를 봤다.,far,아들이,이,티비를 봤다,봤다,True,True
3,157,verb_only,아들이 어제 저녁에 혼자서 티비를 보셨다.,far,아들이,이,티비를 보셨다,보셨다,False,True
3,157,noun_only,아들께서 어제 저녁에 혼자서 티비를 봤다.,far,아들께서,께서,티비를 봤다,봤다,False,False
3,157,all_honorific,아들께서 어제 저녁에 혼자서 티비를 보셨다.,far,아들께서,께서,티비를 보셨다,보셨다,True,True
3,158,no_honorific,아들이 어제 저녁에 혼자서 산책을 했다.,far,아들이,이,산책을 했다,했다,True,True
3,158,verb_only,아들이 어제 저녁에 혼자서 산책을 하셨다.,far,아들이,이,산책을 하셨다,하셨다,False,True
3,158,noun_only,아들께서 어제 저녁에 혼자서 산책을 했다.,far,아들께서,께서,산책을 했다,했다,False,False
3,158,all_honorific,아들께서 어제 저녁에 혼자서 산책을 하셨다.,far,아들께서,께서,산책을 하셨다,하셨다,True,True
3,159,no_honorific,아들이 어제 저녁에 혼자서 정원을 가꿨다.,far,아들이,이,정원을 가꿨다,가꿨다,True,True
3,159,verb_only,아들이 어제 저녁에 혼자서 정원을 가꾸셨다.,far,아들이,이,정원을 가꾸셨다,가꾸셨다,False,True
3,159,noun_only,아들께서 어제 저녁에 혼자서 정원을 가꿨다.,far,아들께서,께서,정원을 가꿨다,가꿨다,False,False
3,159,all_honorific,아들께서 어제 저녁에 혼자서 정원을 가꾸셨다.,far,아들께서,께서,정원을 가꾸셨다,가꾸셨다,True,True
3,160,no_honorific,아들이 어제 저녁에 혼자서 빨래를 널었다.,far,아들이,이,빨래를 널었다,널었다,True,True
3,160,verb_only,아들이 어제 저녁에 혼자서 빨래를 널으셨다.,far,아들이,이,빨래를 널으셨다,널으셨다,False,True
3,160,noun_only,아들께서 어제 저녁에 혼자서 빨래를 널었다.,far,아들께서,께서,빨래를 널었다,널었다,False,False
3,160,all_honorific,아들께서 어제 저녁에 혼자서 빨래를 널으셨다.,far,아들께서,께서,빨래를 널으셨다,널으셨다,True,True
3,161,no_honorific,친구가 어제 저녁에 혼자서 책을 읽었다.,far,친구가,가,책을 읽었다,읽었다,True,True
3,161,verb_only,친구가 어제 저녁에 혼자서 책을 읽으셨다.,far,친구가,가,책을 읽으셨다,읽으셨다,False,True
3,161,noun_only,친구께서 어제 저녁에 혼자서 책을 읽었다.,far,친구께서,께서,책을 읽었다,읽었다,False,False
3,161,all_honorific,친구께서 어제 저녁에 혼자서 책을 읽으셨다.,far,친구께서,께서,책을 읽으셨다,읽으셨다,True,True
3,162,no_honorific,친구가 어제 저녁에 혼자서 파스타를 먹었다.,far,친구가,가,파스타를 먹었다,먹었다,True,True
3,162,verb_only,친구가 어제 저녁에 혼자서 파스타를 드셨다.,far,친구가,가,파스타를 드셨다,드셨다,False,True
3,162,noun_only,친구께서 어제 저녁에 혼자서 파스타를 먹었다.,far,친구께서,께서,파스타를 먹었다,먹었다,False,False
3,162,all_honorific,친구께서 어제 저녁에 혼자서 파스타를 드셨다.,far,친구께서,께서,파스타를 드셨다,드셨다,True,True
3,163,no_honorific,친구가 어제 저녁에 혼자서 호통을 쳤다.,far,친구가,가,호통을 쳤다,쳤다,True,True
3,163,verb_only,친구가 어제 저녁에 혼자서 호통을 치셨다.,far,친구가,가,호통을 치셨다,치셨다,False,True
3,163,noun_only,친구께서 어제 저녁에 혼자서 호통을 쳤다.,far,친구께서,께서,호통을 쳤다,쳤다,False,False
3,163,all_honorific,친구께서 어제 저녁에 혼자서 호통을 치셨다.,far,친구께서,께서,호통을 치셨다,치셨다,True,True
3,164,no_honorific,친구가 어제 저녁에 혼자서 핸드폰을 샀다.,far,친구가,가,핸드폰을 샀다,샀다,True,True
3,164,verb_only,친구가 어제 저녁에 혼자서 핸드폰을 사셨다.,far,친구가,가,핸드폰을 사셨다,사셨다,False,True
3,164,noun_only,친구께서 어제 저녁에 혼자서 핸드폰을 샀다.,far,친구께서,께서,핸드폰을 샀다,샀다,False,False
3,164,all_honorific,친구께서 어제 저녁에 혼자서 핸드폰을 사셨다.,far,친구께서,께서,핸드폰을 사셨다,사셨다,True,True
3,165,no_honorific,친구가 어제 저녁에 혼자서 편지를 썼다.,far,친구가,가,편지를 썼다,썼다,True,True
3,165,verb_only,친구가 어제 저녁에 혼자서 편지를 쓰셨다.,far,친구가,가,편지를 쓰셨다,쓰셨다,False,True
3,165,noun_only,친구께서 어제 저녁에 혼자서 편지를 썼다.,far,친구께서,께서,편지를 썼다,썼다,False,False
3,165,all_honorific,친구께서 어제 저녁에 혼자서 편지를 쓰셨다.,far,친구께서,께서,편지를 쓰셨다,쓰셨다,True,True
3,166,no_honorific,친구가 어제 저녁에 혼자서 노래를 불렀다.,far,친구가,가,노래를 불렀다,불렀다,True,True
3,166,verb_only,친구가 어제 저녁에 혼자서 노래를 부르셨다.,far,친구가,가,노래를 부르셨다,부르셨다,False,True
3,166,noun_only,친구께서 어제 저녁에 혼자서 노래를 불렀다.,far,친구께서,께서,노래를 불렀다,불렀다,False,False
3,166,all_honorific,친구께서 어제 저녁에 혼자서 노래를 부르셨다.,far,친구께서,께서,노래를 부르셨다,부르셨다,True,True
3,167,no_honorific,친구가 어제 저녁에 혼자서 티비를 봤다.,far,친구가,가,티비를 봤다,봤다,True,True
3,167,verb_only,친구가 어제 저녁에 혼자서 티비를 보셨다.,far,친구가,가,티비를 보셨다,보셨다,False,True
3,167,noun_only,친구께서 어제 저녁에 혼자서 티비를 봤다.,far,친구께서,께서,티비를 봤다,봤다,False,False
3,167,all_honorific,친구께서 어제 저녁에 혼자서 티비를 보셨다.,far,친구께서,께서,티비를 보셨다,보셨다,True,True
3,168,no_honorific,친구가 어제 저녁에 혼자서 산책을 했다.,far,친구가,가,산책을 했다,했다,True,True
3,168,verb_only,친구가 어제 저녁에 혼자서 산책을 하셨다.,far,친구가,가,산책을 하셨다,하셨다,False,True
3,168,noun_only,친구께서 어제 저녁에 혼자서 산책을 했다.,far,친구께서,께서,산책을 했다,했다,False,False
3,168,all_honorific,친구께서 어제 저녁에 혼자서 산책을 하셨다.,far,친구께서,께서,산책을 하셨다,하셨다,True,True
3,169,no_honorific,친구가 어제 저녁에 혼자서 정원을 가꿨다.,far,친구가,가,정원을 가꿨다,가꿨다,True,True
3,169,verb_only,친구가 어제 저녁에 혼자서 정원을 가꾸셨다.,far,친구가,가,정원을 가꾸셨다,가꾸셨다,False,True
3,169,noun_only,친구께서 어제 저녁에 혼자서 정원을 가꿨다.,far,친구께서,께서,정원을 가꿨다,가꿨다,False,False
3,169,all_honorific,친구께서 어제 저녁에 혼자서 정원을 가꾸셨다.,far,친구께서,께서,정원을 가꾸셨다,가꾸셨다,True,True
3,170,no_honorific,친구가 어제 저녁에 혼자서 빨래를 널었다.,far,친구가,가,빨래를 널었다,널었다,True,True
3,170,verb_only,친구가 어제 저녁에 혼자서 빨래를 널으셨다.,far,친구가,가,빨래를 널으셨다,널으셨다,False,True
3,170,noun_only,친구께서 어제 저녁에 혼자서 빨래를 널었다.,far,친구께서,께서,빨래를 널었다,널었다,False,False
3,170,all_honorific,친구께서 어제 저녁에 혼자서 빨래를 널으셨다.,far,친구께서,께서,빨래를 널으셨다,널으셨다,True,True
3,171,no_honorific,막내가 어제 저녁에 혼자서 책을 읽었다.,far,막내가,가,책을 읽었다,읽었다,True,True
3,171,verb_only,막내가 어제 저녁에 혼자서 책을 읽으셨다.,far,막내가,가,책을 읽으셨다,읽으셨다,False,True
3,171,noun_only,막내께서 어제 저녁에 혼자서 책을 읽었다.,far,막내께서,께서,책을 읽었다,읽었다,False,False
3,171,all_honorific,막내께서 어제 저녁에 혼자서 책을 읽으셨다.,far,막내께서,께서,책을 읽으셨다,읽으셨다,True,True
3,172,no_honorific,막내가 어제 저녁에 혼자서 파스타를 먹었다.,far,막내가,가,파스타를 먹었다,먹었다,True,True
3,172,verb_only,막내가 어제 저녁에 혼자서 파스타를 드셨다.,far,막내가,가,파스타를 드셨다,드셨다,False,True
3,172,noun_only,막내께서 어제 저녁에 혼자서 파스타를 먹었다.,far,막내께서,께서,파스타를 먹었다,먹었다,False,False
3,172,all_honorific,막내께서 어제 저녁에 혼자서 파스타를 드셨다.,far,막내께서,께서,파스타를 드셨다,드셨다,True,True
3,173,no_honorific,막내가 어제 저녁에 혼자서 호통을 쳤다.,far,막내가,가,호통을 쳤다,쳤다,True,True
3,173,verb_only,막내가 어제 저녁에 혼자서 호통을 치셨다.,far,막내가,가,호통을 치셨다,치셨다,False,True
3,173,noun_only,막내께서 어제 저녁에 혼자서 호통을 쳤다.,far,막내께서,께서,호통을 쳤다,쳤다,False,False
3,173,all_honorific,막내께서 어제 저녁에 혼자서 호통을 치셨다.,far,막내께서,께서,호통을 치셨다,치셨다,True,True
3,174,no_honorific,막내가 어제 저녁에 혼자서 핸드폰을 샀다.,far,막내가,가,핸드폰을 샀다,샀다,True,True
3,174,verb_only,막내가 어제 저녁에 혼자서 핸드폰을 사셨다.,far,막내가,가,핸드폰을 사셨다,사셨다,False,True
3,174,noun_only,막내께서 어제 저녁에 혼자서 핸드폰을 샀다.,far,막내께서,께서,핸드폰을 샀다,샀다,False,False
3,174,all_honorific,막내께서 어제 저녁에 혼자서 핸드폰을 사셨다.,far,막내께서,께서,핸드폰을 사셨다,사셨다,True,True
3,175,no_honorific,막내가 어제 저녁에 혼자서 편지를 썼다.,far,막내가,가,편지를 썼다,썼다,True,True
3,175,verb_only,막내가 어제 저녁에 혼자서 편지를 쓰셨다.,far,막내가,가,편지를 쓰셨다,쓰셨다,False,True
3,175,noun_only,막내께서 어제 저녁에 혼자서 편지를 썼다.,far,막내께서,께서,편지를 썼다,썼다,False,False
3,175,all_honorific,막내께서 어제 저녁에 혼자서 편지를 쓰셨다.,far,막내께서,께서,편지를 쓰셨다,쓰셨다,True,True
3,176,no_honorific,막내가 어제 저녁에 혼자서 노래를 불렀다.,far,막내가,가,노래를 불렀다,불렀다,True,True
3,176,verb_only,막내가 어제 저녁에 혼자서 노래를 부르셨다.,far,막내가,가,노래를 부르셨다,부르셨다,False,True
3,176,noun_only,막내께서 어제 저녁에 혼자서 노래를 불렀다.,far,막내께서,께서,노래를 불렀다,불렀다,False,False
3,176,all_honorific,막내께서 어제 저녁에 혼자서 노래를 부르셨다.,far,막내께서,께서,노래를 부르셨다,부르셨다,True,True
3,177,no_honorific,막내가 어제 저녁에 혼자서 티비를 봤다.,far,막내가,가,티비를 봤다,봤다,True,True
3,177,verb_only,막내가 어제 저녁에 혼자서 티비를 보셨다.,far,막내가,가,티비를 보셨다,보셨다,False,True
3,177,noun_only,막내께서 어제 저녁에 혼자서 티비를 봤다.,far,막내께서,께서,티비를 봤다,봤다,False,False
3,177,all_honorific,막내께서 어제 저녁에 혼자서 티비를 보셨다.,far,막내께서,께서,티비를 보셨다,보셨다,True,True
3,178,no_honorific,막내가 어제 저녁에 혼자서 산책을 했다.,far,막내가,가,산책을 했다,했다,True,True
3,178,verb_only,막내가 어제 저녁에 혼자서 산책을 하셨다.,far,막내가,가,산책을 하셨다,하셨다,False,True
3,178,noun_only,막내께서 어제 저녁에 혼자서 산책을 했다.,far,막내께서,께서,산책을 했다,했다,False,False
3,178,all_honorific,막내께서 어제 저녁에 혼자서 산책을 하셨다.,far,막내께서,께서,산책을 하셨다,하셨다,True,True
3,179,no_honorific,막내가 어제 저녁에 혼자서 정원을 가꿨다.,far,막내가,가,정원을 가꿨다,가꿨다,True,True
3,179,verb_only,막내가 어제 저녁에 혼자서 정원을 가꾸셨다.,far,막내가,가,정원을 가꾸셨다,가꾸셨다,False,True
3,179,noun_only,막내께서 어제 저녁에 혼자서 정원을 가꿨다.,far,막내께서,께서,정원을 가꿨다,가꿨다,False,False
3,179,all_honorific,막내께서 어제 저녁에 혼자서 정원을 가꾸셨다.,far,막내께서,께서,정원을 가꾸셨다,가꾸셨다,True,True
3,180,no_honorific,막내가 어제 저녁에 혼자서 빨래를 널었다.,far,막내가,가,빨래를 널었다,널었다,True,True
3,180,verb_only,막내가 어제 저녁에 혼자서 빨래를 널으셨다.,far,막내가,가,빨래를 널으셨다,널으셨다,False,True
3,180,noun_only,막내께서 어제 저녁에 혼자서 빨래를 널었다.,far,막내께서,께서,빨래를 널었다,널었다,False,False
3,180,all_honorific,막내께서 어제 저녁에 혼자서 빨래를 널으셨다.,far,막내께서,께서,빨래를 널으셨다,널으셨다,True,True
3,181,no_honorific,초등학생이 어제 저녁에 혼자서 책을 읽었다.,far,초등학생이,이,책을 읽었다,읽었다,True,True
3,181,verb_only,초등학생이 어제 저녁에 혼자서 책을 읽으셨다.,far,초등학생이,이,책을 읽으셨다,읽으셨다,False,True
3,181,noun_only,초등학생께서 어제 저녁에 혼자서 책을 읽었다.,far,초등학생께서,께서,책을 읽었다,읽었다,False,False
3,181,all_honorific,초등학생께서 어제 저녁에 혼자서 책을 읽으셨다.,far,초등학생께서,께서,책을 읽으셨다,읽으셨다,True,True
3,182,no_honorific,초등학생이 어제 저녁에 혼자서 파스타를 먹었다.,far,초등학생이,이,파스타를 먹었다,먹었다,True,True
3,182,verb_only,초등학생이 어제 저녁에 혼자서 파스타를 드셨다.,far,초등학생이,이,파스타를 드셨다,드셨다,False,True
3,182,noun_only,초등학생께서 어제 저녁에 혼자서 파스타를 먹었다.,far,초등학생께서,께서,파스타를 먹었다,먹었다,False,False
3,182,all_honorific,초등학생께서 어제 저녁에 혼자서 파스타를 드셨다.,far,초등학생께서,께서,파스타를 드셨다,드셨다,True,True
3,183,no_honorific,초등학생이 어제 저녁에 혼자서 호통을 쳤다.,far,초등학생이,이,호통을 쳤다,쳤다,True,True
3,183,verb_only,초등학생이 어제 저녁에 혼자서 호통을 치셨다.,far,초등학생이,이,호통을 치셨다,치셨다,False,True
3,183,noun_only,초등학생께서 어제 저녁에 혼자서 호통을 쳤다.,far,초등학생께서,께서,호통을 쳤다,쳤다,False,False
3,183,all_honorific,초등학생께서 어제 저녁에 혼자서 호통을 치셨다.,far,초등학생께서,께서,호통을 치셨다,치셨다,True,True
3,184,no_honorific,초등학생이 어제 저녁에 혼자서 핸드폰을 샀다.,far,초등학생이,이,핸드폰을 샀다,샀다,True,True
3,184,verb_only,초등학생이 어제 저녁에 혼자서 핸드폰을 사셨다.,far,초등학생이,이,핸드폰을 사셨다,사셨다,False,True
3,184,noun_only,초등학생께서 어제 저녁에 혼자서 핸드폰을 샀다.,far,초등학생께서,께서,핸드폰을 샀다,샀다,False,False
3,184,all_honorific,초등학생께서 어제 저녁에 혼자서 핸드폰을 사셨다.,far,초등학생께서,께서,핸드폰을 사셨다,사셨다,True,True
3,185,no_honorific,초등학생이 어제 저녁에 혼자서 편지를 썼다.,far,초등학생이,이,편지를 썼다,썼다,True,True
3,185,verb_only,초등학생이 어제 저녁에 혼자서 편지를 쓰셨다.,far,초등학생이,이,편지를 쓰셨다,쓰셨다,False,True
3,185,noun_only,초등학생께서 어제 저녁에 혼자서 편지를 썼다.,far,초등학생께서,께서,편지를 썼다,썼다,False,False
3,185,all_honorific,초등학생께서 어제 저녁에 혼자서 편지를 쓰셨다.,far,초등학생께서,께서,편지를 쓰셨다,쓰셨다,True,True
3,186,no_honorific,초등학생이 어제 저녁에 혼자서 노래를 불렀다.,far,초등학생이,이,노래를 불렀다,불렀다,True,True
3,186,verb_only,초등학생이 어제 저녁에 혼자서 노래를 부르셨다.,far,초등학생이,이,노래를 부르셨다,부르셨다,False,True
3,186,noun_only,초등학생께서 어제 저녁에 혼자서 노래를 불렀다.,far,초등학생께서,께서,노래를 불렀다,불렀다,False,False
3,186,all_honorific,초등학생께서 어제 저녁에 혼자서 노래를 부르셨다.,far,초등학생께서,께서,노래를 부르셨다,부르셨다,True,True
3,187,no_honorific,초등학생이 어제 저녁에 혼자서 티비를 봤다.,far,초등학생이,이,티비를 봤다,봤다,True,True
3,187,verb_only,초등학생이 어제 저녁에 혼자서 티비를 보셨다.,far,초등학생이,이,티비를 보셨다,보셨다,False,True
3,187,noun_only,초등학생께서 어제 저녁에 혼자서 티비를 봤다.,far,초등학생께서,께서,티비를 봤다,봤다,False,False
3,187,all_honorific,초등학생께서 어제 저녁에 혼자서 티비를 보셨다.,far,초등학생께서,께서,티비를 보셨다,보셨다,True,True
3,188,no_honorific,초등학생이 어제 저녁에 혼자서 산책을 했다.,far,초등학생이,이,산책을 했다,했다,True,True
3,188,verb_only,초등학생이 어제 저녁에 혼자서 산책을 하셨다.,far,초등학생이,이,산책을 하셨다,하셨다,False,True
3,188,noun_only,초등학생께서 어제 저녁에 혼자서 산책을 했다.,far,초등학생께서,께서,산책을 했다,했다,False,False
3,188,all_honorific,초등학생께서 어제 저녁에 혼자서 산책을 하셨다.,far,초등학생께서,께서,산책을 하셨다,하셨다,True,True
3,189,no_honorific,초등학생이 어제 저녁에 혼자서 정원을 가꿨다.,far,초등학생이,이,정원을 가꿨다,가꿨다,True,True
3,189,verb_only,초등학생이 어제 저녁에 혼자서 정원을 가꾸셨다.,far,초등학생이,이,정원을 가꾸셨다,가꾸셨다,False,True
3,189,noun_only,초등학생께서 어제 저녁에 혼자서 정원을 가꿨다.,far,초등학생께서,께서,정원을 가꿨다,가꿨다,False,False
3,189,all_honorific,초등학생께서 어제 저녁에 혼자서 정원을 가꾸셨다.,far,초등학생께서,께서,정원을 가꾸셨다,가꾸셨다,True,True
3,190,no_honorific,초등학생이 어제 저녁에 혼자서 빨래를 널었다.,far,초등학생이,이,빨래를 널었다,널었다,True,True
3,190,verb_only,초등학생이 어제 저녁에 혼자서 빨래를 널으셨다.,far,초등학생이,이,빨래를 널으셨다,널으셨다,False,True
3,190,noun_only,초등학생께서 어제 저녁에 혼자서 빨래를 널었다.,far,초등학생께서,께서,빨래를 널었다,널었다,False,False
3,190,all_honorific,초등학생께서 어제 저녁에 혼자서 빨래를 널으셨다.,far,초등학생께서,께서,빨래를 널으셨다,널으셨다,True,True
3,191,no_honorific,여동생이 어제 저녁에 혼자서 책을 읽었다.,far,여동생이,이,책을 읽었다,읽었다,True,True
3,191,verb_only,여동생이 어제 저녁에 혼자서 책을 읽으셨다.,far,여동생이,이,책을 읽으셨다,읽으셨다,False,True
3,191,noun_only,여동생께서 어제 저녁에 혼자서 책을 읽었다.,far,여동생께서,께서,책을 읽었다,읽었다,False,False
3,191,all_honorific,여동생께서 어제 저녁에 혼자서 책을 읽으셨다.,far,여동생께서,께서,책을 읽으셨다,읽으셨다,True,True
3,192,no_honorific,여동생이 어제 저녁에 혼자서 파스타를 먹었다.,far,여동생이,이,파스타를 먹었다,먹었다,True,True
3,192,verb_only,여동생이 어제 저녁에 혼자서 파스타를 드셨다.,far,여동생이,이,파스타를 드셨다,드셨다,False,True
3,192,noun_only,여동생께서 어제 저녁에 혼자서 파스타를 먹었다.,far,여동생께서,께서,파스타를 먹었다,먹었다,False,False
3,192,all_honorific,여동생께서 어제 저녁에 혼자서 파스타를 드셨다.,far,여동생께서,께서,파스타를 드셨다,드셨다,True,True
3,193,no_honorific,여동생이 어제 저녁에 혼자서 호통을 쳤다.,far,여동생이,이,호통을 쳤다,쳤다,True,True
3,193,verb_only,여동생이 어제 저녁에 혼자서 호통을 치셨다.,far,여동생이,이,호통을 치셨다,치셨다,False,True
3,193,noun_only,여동생께서 어제 저녁에 혼자서 호통을 쳤다.,far,여동생께서,께서,호통을 쳤다,쳤다,False,False
3,193,all_honorific,여동생께서 어제 저녁에 혼자서 호통을 치셨다.,far,여동생께서,께서,호통을 치셨다,치셨다,True,True
3,194,no_honorific,여동생이 어제 저녁에 혼자서 핸드폰을 샀다.,far,여동생이,이,핸드폰을 샀다,샀다,True,True
3,194,verb_only,여동생이 어제 저녁에 혼자서 핸드폰을 사셨다.,far,여동생이,이,핸드폰을 사셨다,사셨다,False,True
3,194,noun_only,여동생께서 어제 저녁에 혼자서 핸드폰을 샀다.,far,여동생께서,께서,핸드폰을 샀다,샀다,False,False
3,194,all_honorific,여동생께서 어제 저녁에 혼자서 핸드폰을 사셨다.,far,여동생께서,께서,핸드폰을 사셨다,사셨다,True,True
3,195,no_honorific,여동생이 어제 저녁에 혼자서 편지를 썼다.,far,여동생이,이,편지를 썼다,썼다,True,True
3,195,verb_only,여동생이 어제 저녁에 혼자서 편지를 쓰셨다.,far,여동생이,이,편지를 쓰셨다,쓰셨다,False,True
3,195,noun_only,여동생께서 어제 저녁에 혼자서 편지를 썼다.,far,여동생께서,께서,편지를 썼다,썼다,False,False
3,195,all_honorific,여동생께서 어제 저녁에 혼자서 편지를 쓰셨다.,far,여동생께서,께서,편지를 쓰셨다,쓰셨다,True,True
3,196,no_honorific,여동생이 어제 저녁에 혼자서 노래를 불렀다.,far,여동생이,이,노래를 불렀다,불렀다,True,True
3,196,verb_only,여동생이 어제 저녁에 혼자서 노래를 부르셨다.,far,여동생이,이,노래를 부르셨다,부르셨다,False,True
3,196,noun_only,여동생께서 어제 저녁에 혼자서 노래를 불렀다.,far,여동생께서,께서,노래를 불렀다,불렀다,False,False
3,196,all_honorific,여동생께서 어제 저녁에 혼자서 노래를 부르셨다.,far,여동생께서,께서,노래를 부르셨다,부르셨다,True,True
3,197,no_honorific,여동생이 어제 저녁에 혼자서 티비를 봤다.,far,여동생이,이,티비를 봤다,봤다,True,True
3,197,verb_only,여동생이 어제 저녁에 혼자서 티비를 보셨다.,far,여동생이,이,티비를 보셨다,보셨다,False,True
3,197,noun_only,여동생께서 어제 저녁에 혼자서 티비를 봤다.,far,여동생께서,께서,티비를 봤다,봤다,False,False
3,197,all_honorific,여동생께서 어제 저녁에 혼자서 티비를 보셨다.,far,여동생께서,께서,티비를 보셨다,보셨다,True,True
3,198,no_honorific,여동생이 어제 저녁에 혼자서 산책을 했다.,far,여동생이,이,산책을 했다,했다,True,True
3,198,verb_only,여동생이 어제 저녁에 혼자서 산책을 하셨다.,far,여동생이,이,산책을 하셨다,하셨다,False,True
3,198,noun_only,여동생께서 어제 저녁에 혼자서 산책을 했다.,far,여동생께서,께서,산책을 했다,했다,False,False
3,198,all_honorific,여동생께서 어제 저녁에 혼자서 산책을 하셨다.,far,여동생께서,께서,산책을 하셨다,하셨다,True,True
3,199,no_honorific,여동생이 어제 저녁에 혼자서 정원을 가꿨다.,far,여동생이,이,정원을 가꿨다,가꿨다,True,True
3,199,verb_only,여동생이 어제 저녁에 혼자서 정원을 가꾸셨다.,far,여동생이,이,정원을 가꾸셨다,가꾸셨다,False,True
3,199,noun_only,여동생께서 어제 저녁에 혼자서 정원을 가꿨다.,far,여동생께서,께서,정원을 가꿨다,가꿨다,False,False
3,199,all_honorific,여동생께서 어제 저녁에 혼자서 정원을 가꾸셨다.,far,여동생께서,께서,정원을 가꾸셨다,가꾸셨다,True,True
3,200,no_honorific,여동생이 어제 저녁에 혼자서 빨래를 널었다.,far,여동생이,이,빨래를 널었다,널었다,True,True
3,200,verb_only,여동생이 어제 저녁에 혼자서 빨래를 널으셨다.,far,여동생이,이,빨래를 널으셨다,널으셨다,False,True
3,200,noun_only,여동생께서 어제 저녁에 혼자서 빨래를 널었다.,far,여동생께서,께서,빨래를 널었다,널었다,False,False
3,200,all_honorific,여동생께서 어제 저녁에 혼자서 빨래를 널으셨다.,far,여동생께서,께서,빨래를 널으셨다,널으셨다,True,True
